EDGE_PERT,26,0.0015475749969482422
NODE_DROP,21,0.0010211467742919922
ATTR_MASK,13,0.00080108642578125
NODE_DROP,11,0.00041556358337402344
SUBGRAPH,21,0.0029032230377197266
EDGE_PERT,26,0.0004277229309082031
EDGE_PERT,16,0.0004527568817138672
EDGE_PERT,16,0.00042819976806640625
EDGE_PERT,21,0.00042700767517089844
NODE_DROP,17,0.0003612041473388672
NODE_DROP,20,0.0003662109375
NODE_DROP,20,0.0003504753112792969
SUBGRAPH,23,0.001508474349975586
EDGE_PERT,23,0.0003936290740966797
SUBGRAPH,19,0.0013561248779296875
NODE_DROP,17,0.0012736320495605469
NODE_DROP,17,0.0003139972686767578
NODE_DROP,21,0.0003342628479003906
NODE_DROP,21,0.0004296302795410156
NODE_DROP,20,0.00036144256591796875
NODE_DROP,20,0.0003600120544433594
NODE_DROP,16,0.0003609657287597656
NODE_DROP,16,0.0003509521484375
NODE_DROP,23,0.00034737586975097656
NODE_DROP,23,0.0006310939788818359
NODE_DROP,24,0.0003886222839355469
NODE_DROP,24,0.0004267692565917969
NODE_DROP,19,0.0003876686096191406
NODE_DROP,19,0.0003826618194580078
NODE_DROP,13,0.00038504600524902344
NODE_DROP,13,0.00039505958557128906
NODE_DROP,21,0.0003924369812011719
NODE_DROP,21,0.0004360675811767578
NODE_DROP,11,0.0003707408905029297
NODE_DROP,11,0.0003879070281982422
NODE_DROP,23,0.0017604827880859375
SUBGRAPH,23,0.002796649932861328
NODE_DROP,20,0.0004961490631103516
SUBGRAPH,20,0.0022573471069335938
NODE_DROP,13,0.0004665851593017578
SUBGRAPH,13,0.0014095306396484375
NODE_DROP,11,0.0003685951232910156
SUBGRAPH,11,0.0011434555053710938
NODE_DROP,24,0.0004000663757324219
SUBGRAPH,24,0.0017828941345214844
NODE_DROP,16,0.0003771781921386719
SUBGRAPH,17,0.0014643669128417969
NODE_DROP,21,0.0003814697265625
SUBGRAPH,21,0.0016057491302490234
NODE_DROP,17,0.00037741661071777344
SUBGRAPH,17,0.0013782978057861328
NODE_DROP,19,0.00036406517028808594
SUBGRAPH,19,0.0015156269073486328
NODE_DROP,21,0.00039958953857421875
SUBGRAPH,21,0.001634359359741211
NODE_DROP,23,0.0018467903137207031
EDGE_PERT,28,0.0008695125579833984
NODE_DROP,19,0.0004513263702392578
EDGE_PERT,23,0.0006389617919921875
NODE_DROP,20,0.0004105567932128906
EDGE_PERT,24,0.0005087852478027344
NODE_DROP,17,0.0004086494445800781
EDGE_PERT,21,0.0005011558532714844
NODE_DROP,11,0.0003712177276611328
EDGE_PERT,13,0.0005092620849609375
NODE_DROP,13,0.00040030479431152344
EDGE_PERT,16,0.0005412101745605469
NODE_DROP,21,0.0003941059112548828
EDGE_PERT,26,0.0005314350128173828
NODE_DROP,21,0.0003948211669921875
EDGE_PERT,26,0.0005061626434326172
NODE_DROP,16,0.00043654441833496094
EDGE_PERT,20,0.0005373954772949219
NODE_DROP,24,0.00042057037353515625
EDGE_PERT,29,0.0005288124084472656
NODE_DROP,11,0.0015783309936523438
ATTR_MASK,13,0.0007383823394775391
NODE_DROP,24,0.0005409717559814453
ATTR_MASK,29,0.00038170814514160156
NODE_DROP,13,0.0004425048828125
ATTR_MASK,16,0.00033664703369140625
NODE_DROP,19,0.0004627704620361328
ATTR_MASK,23,0.00025773048400878906
NODE_DROP,16,0.0003771781921386719
ATTR_MASK,20,0.00029969215393066406
NODE_DROP,20,0.00038123130798339844
ATTR_MASK,24,0.00028252601623535156
NODE_DROP,17,0.0003886222839355469
ATTR_MASK,21,0.00028324127197265625
NODE_DROP,21,0.0004067420959472656
ATTR_MASK,26,0.0003268718719482422
NODE_DROP,23,0.0003943443298339844
ATTR_MASK,28,0.0003228187561035156
NODE_DROP,21,0.0003941059112548828
ATTR_MASK,26,0.0003077983856201172
NODE_DROP,21,0.0019176006317138672
NODE_DROP,13,0.0005617141723632812
NODE_DROP,21,0.0005080699920654297
NODE_DROP,23,0.0005385875701904297
NODE_DROP,11,0.0004792213439941406
NODE_DROP,19,0.00041103363037109375
NODE_DROP,17,0.00037097930908203125
NODE_DROP,24,0.0003809928894042969
NODE_DROP,20,0.00043082237243652344
NODE_DROP,16,0.00040268898010253906
SUBGRAPH,21,0.0030379295349121094
NODE_DROP,21,0.0005068778991699219
SUBGRAPH,13,0.0011360645294189453
NODE_DROP,13,0.0003829002380371094
SUBGRAPH,17,0.0012373924255371094
NODE_DROP,16,0.0003466606140136719
SUBGRAPH,11,0.0009548664093017578
NODE_DROP,11,0.00044727325439453125
SUBGRAPH,23,0.0015254020690917969
NODE_DROP,23,0.00044727325439453125
SUBGRAPH,21,0.0017483234405517578
NODE_DROP,21,0.00044727325439453125
SUBGRAPH,20,0.0017504692077636719
NODE_DROP,20,0.0004642009735107422
SUBGRAPH,19,0.0016264915466308594
NODE_DROP,19,0.00046062469482421875
SUBGRAPH,17,0.0014982223510742188
NODE_DROP,17,0.00040078163146972656
SUBGRAPH,24,0.0019054412841796875
NODE_DROP,24,0.0004367828369140625
SUBGRAPH,23,0.004180192947387695
SUBGRAPH,23,0.0020012855529785156
SUBGRAPH,19,0.0021631717681884766
SUBGRAPH,19,0.002140045166015625
SUBGRAPH,20,0.0021321773529052734
SUBGRAPH,20,0.0015139579772949219
SUBGRAPH,24,0.0017118453979492188
SUBGRAPH,24,0.0017740726470947266
SUBGRAPH,13,0.0011756420135498047
SUBGRAPH,13,0.0012133121490478516
SUBGRAPH,17,0.0013670921325683594
SUBGRAPH,17,0.0013880729675292969
SUBGRAPH,21,0.0016024112701416016
SUBGRAPH,21,0.0016331672668457031
SUBGRAPH,17,0.0013537406921386719
SUBGRAPH,17,0.0014033317565917969
SUBGRAPH,11,0.0010530948638916016
SUBGRAPH,11,0.0011184215545654297
SUBGRAPH,21,0.0015718936920166016
SUBGRAPH,21,0.0015645027160644531
SUBGRAPH,23,0.004010915756225586
EDGE_PERT,28,0.0007641315460205078
SUBGRAPH,13,0.0017437934875488281
EDGE_PERT,16,0.0006275177001953125
SUBGRAPH,21,0.002281665802001953
EDGE_PERT,26,0.0005500316619873047
SUBGRAPH,21,0.0016071796417236328
EDGE_PERT,26,0.0005338191986083984
SUBGRAPH,24,0.0017507076263427734
EDGE_PERT,29,0.00044226646423339844
SUBGRAPH,11,0.0010907649993896484
EDGE_PERT,13,0.0004649162292480469
SUBGRAPH,17,0.0013360977172851562
EDGE_PERT,21,0.0004696846008300781
SUBGRAPH,19,0.0014948844909667969
EDGE_PERT,23,0.0005159378051757812
SUBGRAPH,20,0.0015108585357666016
EDGE_PERT,24,0.0004451274871826172
SUBGRAPH,17,0.0013546943664550781
EDGE_PERT,20,0.0004780292510986328
SUBGRAPH,13,0.0029518604278564453
ATTR_MASK,16,0.0008776187896728516
SUBGRAPH,11,0.0014083385467529297
ATTR_MASK,13,0.0002913475036621094
SUBGRAPH,21,0.0021791458129882812
ATTR_MASK,26,0.0003075599670410156
SUBGRAPH,23,0.0014595985412597656
ATTR_MASK,28,0.0003180503845214844
SUBGRAPH,17,0.0011830329895019531
ATTR_MASK,21,0.00021457672119140625
SUBGRAPH,21,0.0013394355773925781
ATTR_MASK,26,0.00029397010803222656
SUBGRAPH,17,0.0011866092681884766
ATTR_MASK,20,0.00032901763916015625
SUBGRAPH,20,0.0013802051544189453
ATTR_MASK,24,0.00030040740966796875
SUBGRAPH,19,0.0013344287872314453
ATTR_MASK,23,0.0002894401550292969
SUBGRAPH,24,0.0016121864318847656
ATTR_MASK,29,0.00023627281188964844
SUBGRAPH,21,0.0031888484954833984
SUBGRAPH,24,0.0016467571258544922
SUBGRAPH,17,0.0016722679138183594
SUBGRAPH,17,0.0015878677368164062
SUBGRAPH,11,0.0012407302856445312
SUBGRAPH,20,0.0013189315795898438
SUBGRAPH,21,0.0012998580932617188
SUBGRAPH,19,0.0012235641479492188
SUBGRAPH,13,0.0009729862213134766
SUBGRAPH,23,0.0013778209686279297
EDGE_PERT,13,0.0009946823120117188
NODE_DROP,11,0.0006246566772460938
EDGE_PERT,26,0.0003495216369628906
NODE_DROP,21,0.00043320655822753906
EDGE_PERT,24,0.0004134178161621094
NODE_DROP,20,0.00032138824462890625
EDGE_PERT,28,0.0004088878631591797
NODE_DROP,23,0.0003371238708496094
EDGE_PERT,20,0.0003979206085205078
NODE_DROP,16,0.000316619873046875
EDGE_PERT,29,0.00039315223693847656
NODE_DROP,24,0.0002803802490234375
EDGE_PERT,21,0.0003147125244140625
NODE_DROP,17,0.0002624988555908203
EDGE_PERT,26,0.0003159046173095703
NODE_DROP,21,0.0002608299255371094
EDGE_PERT,23,0.00031256675720214844
NODE_DROP,19,0.0004582405090332031
EDGE_PERT,16,0.0003116130828857422
NODE_DROP,13,0.0004429817199707031
EDGE_PERT,20,0.0009791851043701172
SUBGRAPH,17,0.0020253658294677734
EDGE_PERT,28,0.0003466606140136719
SUBGRAPH,23,0.0016360282897949219
EDGE_PERT,24,0.0003666877746582031
SUBGRAPH,20,0.0013823509216308594
EDGE_PERT,26,0.00035858154296875
SUBGRAPH,21,0.001440286636352539
EDGE_PERT,23,0.0002949237823486328
SUBGRAPH,19,0.0011909008026123047
EDGE_PERT,29,0.0003008842468261719
SUBGRAPH,24,0.0011954307556152344
EDGE_PERT,21,0.00030803680419921875
SUBGRAPH,17,0.0009436607360839844
EDGE_PERT,26,0.00028634071350097656
SUBGRAPH,21,0.001123666763305664
EDGE_PERT,16,0.00031185150146484375
SUBGRAPH,13,0.0010144710540771484
EDGE_PERT,13,0.00030231475830078125
SUBGRAPH,11,0.0007445812225341797
EDGE_PERT,13,0.0010592937469482422
EDGE_PERT,13,0.0006620883941650391
EDGE_PERT,16,0.0003502368927001953
EDGE_PERT,16,0.00039124488830566406
EDGE_PERT,21,0.0005230903625488281
EDGE_PERT,21,0.0005381107330322266
EDGE_PERT,26,0.00031495094299316406
EDGE_PERT,26,0.0003237724304199219
EDGE_PERT,23,0.00030994415283203125
EDGE_PERT,23,0.00033211708068847656
EDGE_PERT,28,0.0003273487091064453
EDGE_PERT,28,0.0004222393035888672
EDGE_PERT,29,0.0003330707550048828
EDGE_PERT,29,0.00030350685119628906
EDGE_PERT,24,0.00029158592224121094
EDGE_PERT,24,0.0004341602325439453
EDGE_PERT,20,0.00028967857360839844
EDGE_PERT,20,0.00042891502380371094
EDGE_PERT,26,0.00032973289489746094
EDGE_PERT,26,0.0004100799560546875
EDGE_PERT,23,0.00148773193359375
ATTR_MASK,23,0.0007154941558837891
EDGE_PERT,21,0.0005180835723876953
ATTR_MASK,21,0.0003707408905029297
EDGE_PERT,13,0.0005860328674316406
ATTR_MASK,13,0.0002865791320800781
EDGE_PERT,26,0.0006039142608642578
ATTR_MASK,26,0.0003123283386230469
EDGE_PERT,26,0.0004665851593017578
ATTR_MASK,26,0.0003333091735839844
EDGE_PERT,20,0.0004601478576660156
ATTR_MASK,20,0.00031757354736328125
EDGE_PERT,24,0.00046634674072265625
ATTR_MASK,24,0.00025200843811035156
EDGE_PERT,29,0.0004596710205078125
ATTR_MASK,29,0.00036215782165527344
EDGE_PERT,28,0.00045108795166015625
ATTR_MASK,28,0.000316619873046875
EDGE_PERT,16,0.00044918060302734375
ATTR_MASK,16,0.00030803680419921875
EDGE_PERT,26,0.0014913082122802734
EDGE_PERT,29,0.0005445480346679688
EDGE_PERT,23,0.0006647109985351562
EDGE_PERT,28,0.0005638599395751953
EDGE_PERT,21,0.0005681514739990234
EDGE_PERT,20,0.0005486011505126953
EDGE_PERT,26,0.0004425048828125
EDGE_PERT,24,0.00045228004455566406
EDGE_PERT,16,0.00042724609375
EDGE_PERT,13,0.00041675567626953125
ATTR_MASK,29,0.0012547969818115234
NODE_DROP,24,0.0010576248168945312
ATTR_MASK,16,0.0002994537353515625
NODE_DROP,13,0.0005450248718261719
ATTR_MASK,20,0.00029730796813964844
NODE_DROP,16,0.00046825408935546875
ATTR_MASK,28,0.0003192424774169922
NODE_DROP,23,0.0004985332489013672
ATTR_MASK,13,0.00016307830810546875
NODE_DROP,11,0.00026702880859375
ATTR_MASK,26,0.00029349327087402344
NODE_DROP,21,0.00041103363037109375
ATTR_MASK,24,0.0002815723419189453
NODE_DROP,20,0.0004413127899169922
ATTR_MASK,23,0.0002810955047607422
NODE_DROP,19,0.000408172607421875
ATTR_MASK,21,0.00025653839111328125
NODE_DROP,17,0.000385284423828125
ATTR_MASK,26,0.0002601146697998047
NODE_DROP,21,0.00040793418884277344
ATTR_MASK,21,0.0010879039764404297
SUBGRAPH,17,0.0025281906127929688
ATTR_MASK,26,0.0003199577331542969
SUBGRAPH,21,0.002104043960571289
ATTR_MASK,20,0.0002999305725097656
SUBGRAPH,17,0.0010826587677001953
ATTR_MASK,13,0.0001842975616455078
SUBGRAPH,11,0.0006947517395019531
ATTR_MASK,16,0.0001747608184814453
SUBGRAPH,13,0.0007960796356201172
ATTR_MASK,26,0.00017642974853515625
SUBGRAPH,21,0.0010519027709960938
ATTR_MASK,24,0.0001876354217529297
SUBGRAPH,20,0.0010366439819335938
ATTR_MASK,28,0.00017213821411132812
SUBGRAPH,23,0.0011417865753173828
ATTR_MASK,29,0.00016069412231445312
SUBGRAPH,24,0.0011713504791259766
ATTR_MASK,23,0.00016880035400390625
SUBGRAPH,19,0.0009834766387939453
ATTR_MASK,26,0.0013477802276611328
EDGE_PERT,26,0.0009832382202148438
ATTR_MASK,23,0.00033354759216308594
EDGE_PERT,23,0.0005831718444824219
ATTR_MASK,21,0.00030040740966796875
EDGE_PERT,21,0.0005967617034912109
ATTR_MASK,29,0.0003333091735839844
EDGE_PERT,29,0.0005481243133544922
ATTR_MASK,26,0.00031685829162597656
EDGE_PERT,26,0.0005059242248535156
ATTR_MASK,20,0.0002617835998535156
EDGE_PERT,20,0.00047469139099121094
ATTR_MASK,16,0.00025582313537597656
EDGE_PERT,16,0.0004725456237792969
ATTR_MASK,24,0.0002968311309814453
EDGE_PERT,24,0.0004825592041015625
ATTR_MASK,28,0.0002703666687011719
EDGE_PERT,28,0.0004687309265136719
ATTR_MASK,13,0.0002396106719970703
EDGE_PERT,13,0.0005092620849609375
ATTR_MASK,28,0.0013759136199951172
ATTR_MASK,28,0.0004107952117919922
ATTR_MASK,24,0.00034356117248535156
ATTR_MASK,24,0.00029087066650390625
ATTR_MASK,13,0.0002639293670654297
ATTR_MASK,13,0.0002357959747314453
ATTR_MASK,23,0.0002696514129638672
ATTR_MASK,23,0.0002791881561279297
ATTR_MASK,16,0.0002601146697998047
ATTR_MASK,16,0.00024437904357910156
ATTR_MASK,29,0.00025177001953125
ATTR_MASK,29,0.0003173351287841797
ATTR_MASK,26,0.00025725364685058594
ATTR_MASK,26,0.00029778480529785156
ATTR_MASK,26,0.00024199485778808594
ATTR_MASK,26,0.00029754638671875
ATTR_MASK,20,0.0002663135528564453
ATTR_MASK,20,0.00028634071350097656
ATTR_MASK,21,0.00024080276489257812
ATTR_MASK,21,0.00027441978454589844
ATTR_MASK,26,0.0010447502136230469
ATTR_MASK,20,0.0002124309539794922
ATTR_MASK,26,0.00023865699768066406
ATTR_MASK,28,0.00022220611572265625
ATTR_MASK,23,0.0002684593200683594
ATTR_MASK,21,0.0002570152282714844
ATTR_MASK,24,0.00021529197692871094
ATTR_MASK,29,0.000225067138671875
ATTR_MASK,13,0.00017642974853515625
ATTR_MASK,16,0.0002052783966064453
NODE_DROP,21,0.001615762710571289
NODE_DROP,17,0.0004858970642089844
NODE_DROP,21,0.00046539306640625
NODE_DROP,13,0.0003714561462402344
NODE_DROP,23,0.0003876686096191406
NODE_DROP,24,0.0003752708435058594
NODE_DROP,20,0.0003752708435058594
NODE_DROP,19,0.00038170814514160156
NODE_DROP,11,0.00035262107849121094
NODE_DROP,16,0.00040721893310546875
REMOVE_BY_LOUVAIN,20,0.03143310546875
REMOVE_BY_LOUVAIN,13,0.013751983642578125
REMOVE_BY_LOUVAIN,23,0.015563011169433594
REMOVE_BY_LOUVAIN,10,0.015522956848144531
REMOVE_BY_LOUVAIN,15,0.0190122127532959
REMOVE_BY_LOUVAIN,15,0.0216367244720459
REMOVE_BY_LOUVAIN,16,0.020778417587280273
REMOVE_BY_LOUVAIN,12,0.017505407333374023
REMOVE_BY_LOUVAIN,12,0.031568288803100586
REMOVE_BY_LOUVAIN,12,0.026696205139160156
REMOVE_BY_LOUVAIN,20,0.01853799819946289
REMOVE_BY_LOUVAIN,20,0.01784968376159668
REMOVE_BY_LOUVAIN,15,0.014191865921020508
REMOVE_BY_LOUVAIN,15,0.01714777946472168
REMOVE_BY_LOUVAIN,17,0.017888784408569336
REMOVE_BY_LOUVAIN,23,0.01750946044921875
REMOVE_BY_LOUVAIN,22,0.017570018768310547
REMOVE_BY_LOUVAIN,20,0.016489505767822266
REMOVE_BY_LOUVAIN,13,0.010680675506591797
REMOVE_BY_LOUVAIN,15,0.010506629943847656
REMOVE_BY_LOUVAIN,10,0.00900411605834961
REMOVE_BY_LOUVAIN,10,0.008688926696777344
REMOVE_BY_LOUVAIN,14,0.015804052352905273
REMOVE_BY_LOUVAIN,14,0.015300989151000977
REMOVE_BY_LOUVAIN,12,0.013106822967529297
REMOVE_BY_LOUVAIN,12,0.013334035873413086
REMOVE_BY_LOUVAIN,6,0.012685775756835938
REMOVE_BY_LOUVAIN,6,0.012329339981079102
REMOVE_BY_LOUVAIN,10,0.016898155212402344
REMOVE_BY_LOUVAIN,23,0.015502691268920898
REMOVE_BY_LOUVAIN,20,0.013846874237060547
REMOVE_BY_LOUVAIN,13,0.011226177215576172
REMOVE_BY_LOUVAIN,18,0.02088308334350586
REMOVE_BY_LOUVAIN,16,0.016847610473632812
REMOVE_BY_LOUVAIN,12,0.013340950012207031
REMOVE_BY_LOUVAIN,10,0.014333486557006836
REMOVE_BY_LOUVAIN,6,0.012218236923217773
REMOVE_BY_LOUVAIN,15,0.01343989372253418
REMOVE_BY_LOUVAIN,12,0.025501012802124023
REMOVE_BY_LOUVAIN,6,0.017072677612304688
REMOVE_BY_LOUVAIN,15,0.01656031608581543
REMOVE_BY_LOUVAIN,23,0.0182647705078125
REMOVE_BY_LOUVAIN,10,0.00979757308959961
REMOVE_BY_LOUVAIN,20,0.014812946319580078
REMOVE_BY_LOUVAIN,14,0.015519380569458008
REMOVE_BY_LOUVAIN,22,0.020340681076049805
REMOVE_BY_LOUVAIN,15,0.010451078414916992
REMOVE_BY_LOUVAIN,10,0.017749547958374023
REMOVE_BY_LOUVAIN,6,0.024585962295532227
REMOVE_BY_LOUVAIN,12,0.015445947647094727
REMOVE_BY_LOUVAIN,18,0.014970064163208008
REMOVE_BY_LOUVAIN,23,0.01469564437866211
REMOVE_BY_LOUVAIN,20,0.016398906707763672
REMOVE_BY_LOUVAIN,10,0.008602142333984375
REMOVE_BY_LOUVAIN,10,0.009429216384887695
REMOVE_BY_LOUVAIN,15,0.013564109802246094
REMOVE_BY_LOUVAIN,15,0.010364532470703125
REMOVE_BY_LOUVAIN,13,0.019941091537475586
REMOVE_BY_LOUVAIN,13,0.014213085174560547
REMOVE_BY_LOUVAIN,6,0.01547861099243164
REMOVE_BY_LOUVAIN,12,0.012663602828979492
REMOVE_BY_LOUVAIN,10,0.009925603866577148
REMOVE_BY_LOUVAIN,10,0.00904989242553711
REMOVE_BY_LOUVAIN,20,0.014756441116333008
REMOVE_BY_LOUVAIN,20,0.014957666397094727
REMOVE_BY_LOUVAIN,15,0.011844873428344727
REMOVE_BY_LOUVAIN,15,0.013397693634033203
REMOVE_BY_LOUVAIN,12,0.01518702507019043
REMOVE_BY_LOUVAIN,18,0.012995243072509766
REMOVE_BY_LOUVAIN,17,0.017278194427490234
REMOVE_BY_LOUVAIN,23,0.014473915100097656
REMOVE_BY_LOUVAIN,20,0.015644073486328125
REMOVE_BY_LOUVAIN,14,0.01489400863647461
REMOVE_BY_LOUVAIN,16,0.017435312271118164
REMOVE_BY_LOUVAIN,20,0.01625967025756836
REMOVE_BY_LOUVAIN,12,0.01333928108215332
REMOVE_BY_LOUVAIN,12,0.013421773910522461
REMOVE_BY_LOUVAIN,20,0.030980825424194336
REMOVE_BY_LOUVAIN,10,0.009269237518310547
REMOVE_BY_LOUVAIN,16,0.01689004898071289
REMOVE_BY_LOUVAIN,9,0.011910200119018555
REMOVE_BY_LOUVAIN,14,0.01790475845336914
REMOVE_BY_LOUVAIN,15,0.013652801513671875
REMOVE_BY_LOUVAIN,17,0.017050981521606445
REMOVE_BY_LOUVAIN,12,0.018104076385498047
REMOVE_BY_LOUVAIN,12,0.0138397216796875
REMOVE_BY_LOUVAIN,6,0.012200117111206055
REMOVE_BY_LOUVAIN,12,0.026511192321777344
REMOVE_BY_LOUVAIN,15,0.020360469818115234
REMOVE_BY_LOUVAIN,10,0.012210607528686523
REMOVE_BY_LOUVAIN,18,0.0170743465423584
REMOVE_BY_LOUVAIN,14,0.018815279006958008
REMOVE_BY_LOUVAIN,23,0.01621389389038086
REMOVE_BY_LOUVAIN,6,0.013677597045898438
REMOVE_BY_LOUVAIN,13,0.011701583862304688
REMOVE_BY_LOUVAIN,16,0.023406267166137695
REMOVE_BY_LOUVAIN,16,0.016447067260742188
REMOVE_BY_LOUVAIN,22,0.029394865036010742
REMOVE_BY_LOUVAIN,17,0.020070552825927734
REMOVE_BY_LOUVAIN,23,0.018462419509887695
REMOVE_BY_LOUVAIN,14,0.018901348114013672
REMOVE_BY_LOUVAIN,12,0.010799884796142578
REMOVE_BY_LOUVAIN,15,0.01379084587097168
REMOVE_BY_LOUVAIN,20,0.015095949172973633
REMOVE_BY_LOUVAIN,10,0.008468389511108398
REMOVE_BY_LOUVAIN,12,0.013901710510253906
REMOVE_BY_LOUVAIN,13,0.01383662223815918
REMOVE_BY_LOUVAIN,15,0.009670257568359375
REMOVE_BY_LOUVAIN,22,0.016178607940673828
REMOVE_BY_LOUVAIN,22,0.01648402214050293
REMOVE_BY_LOUVAIN,20,0.0159909725189209
REMOVE_BY_LOUVAIN,14,0.015753746032714844
REMOVE_BY_LOUVAIN,6,0.012688159942626953
REMOVE_BY_LOUVAIN,6,0.011642694473266602
REMOVE_BY_LOUVAIN,12,0.013699531555175781
REMOVE_BY_LOUVAIN,12,0.014164447784423828
REMOVE_BY_LOUVAIN,12,0.015382051467895508
REMOVE_BY_LOUVAIN,12,0.01787734031677246
REMOVE_BY_LOUVAIN,15,0.012145519256591797
REMOVE_BY_LOUVAIN,15,0.01417231559753418
REMOVE_BY_LOUVAIN,20,0.014766931533813477
REMOVE_BY_LOUVAIN,16,0.01728057861328125
REMOVE_BY_LOUVAIN,23,0.01434016227722168
REMOVE_BY_LOUVAIN,23,0.016178369522094727
REMOVE_BY_LOUVAIN,10,0.00876474380493164
REMOVE_BY_LOUVAIN,10,0.008943796157836914
REMOVE_BY_LOUVAIN,10,0.01718735694885254
REMOVE_BY_LOUVAIN,22,0.021645545959472656
REMOVE_BY_LOUVAIN,10,0.017364025115966797
REMOVE_BY_LOUVAIN,13,0.01162266731262207
REMOVE_BY_LOUVAIN,20,0.01584005355834961
REMOVE_BY_LOUVAIN,23,0.015600919723510742
REMOVE_BY_LOUVAIN,15,0.013620138168334961
REMOVE_BY_LOUVAIN,14,0.015584468841552734
REMOVE_BY_LOUVAIN,12,0.01390838623046875
REMOVE_BY_LOUVAIN,6,0.012534618377685547
REMOVE_BY_LOUVAIN,12,0.025263547897338867
REMOVE_BY_LOUVAIN,20,0.022531986236572266
REMOVE_BY_LOUVAIN,15,0.014170408248901367
REMOVE_BY_LOUVAIN,18,0.01585078239440918
REMOVE_BY_LOUVAIN,20,0.014391183853149414
REMOVE_BY_LOUVAIN,23,0.015529632568359375
REMOVE_BY_LOUVAIN,20,0.015482187271118164
REMOVE_BY_LOUVAIN,10,0.008618354797363281
REMOVE_BY_LOUVAIN,13,0.010530948638916016
REMOVE_BY_LOUVAIN,6,0.012248516082763672
REMOVE_BY_EMBEDDING,12,0.2915003299713135
REMOVE_BY_EMBEDDING,10,0.2612426280975342
REMOVE_BY_EMBEDDING,9,0.2601325511932373
REMOVE_BY_EMBEDDING,12,0.26053380966186523
REMOVE_BY_EMBEDDING,7,0.18509459495544434
REMOVE_BY_EMBEDDING,6,0.16550064086914062
REMOVE_BY_EMBEDDING,16,0.34519529342651367
REMOVE_BY_EMBEDDING,13,0.3468904495239258
REMOVE_BY_EMBEDDING,8,0.24820256233215332
REMOVE_BY_EMBEDDING,13,0.25344038009643555
REMOVE_BY_EMBEDDING,12,0.2905914783477783
REMOVE_BY_EMBEDDING,11,0.2701420783996582
REMOVE_BY_EMBEDDING,12,0.3156158924102783
REMOVE_BY_EMBEDDING,14,0.3131699562072754
REMOVE_BY_EMBEDDING,14,0.37581682205200195
REMOVE_BY_EMBEDDING,13,0.36708807945251465
REMOVE_BY_EMBEDDING,10,0.20859217643737793
REMOVE_BY_EMBEDDING,8,0.21210861206054688
REMOVE_BY_EMBEDDING,11,0.29984474182128906
REMOVE_BY_EMBEDDING,10,0.29985928535461426
REMOVE_BY_EMBEDDING,16,0.3371696472167969
REMOVE_BY_EMBEDDING,14,0.34224772453308105
REMOVE_BY_EMBEDDING,14,0.33967089653015137
REMOVE_BY_EMBEDDING,12,0.3417623043060303
REMOVE_BY_EMBEDDING,13,0.32710909843444824
REMOVE_BY_EMBEDDING,10,0.3022427558898926
REMOVE_BY_EMBEDDING,12,0.25958681106567383
REMOVE_BY_EMBEDDING,9,0.26517152786254883
REMOVE_BY_EMBEDDING,9,0.20881342887878418
REMOVE_BY_EMBEDDING,8,0.20836496353149414
REMOVE_BY_EMBEDDING,10,0.2869884967803955
REMOVE_BY_EMBEDDING,12,0.2814621925354004
REMOVE_BY_EMBEDDING,16,0.36296606063842773
REMOVE_BY_EMBEDDING,17,0.3686866760253906
REMOVE_BY_EMBEDDING,8,0.25605225563049316
REMOVE_BY_EMBEDDING,11,0.25411367416381836
REMOVE_BY_EMBEDDING,17,0.36232924461364746
REMOVE_BY_EMBEDDING,17,0.3564107418060303
REMOVE_BY_EMBEDDING,14,0.33564329147338867
REMOVE_BY_EMBEDDING,12,0.33006715774536133
REMOVE_BY_EMBEDDING,6,0.17751789093017578
REMOVE_BY_EMBEDDING,8,0.17362594604492188
REMOVE_BY_EMBEDDING,10,0.33019328117370605
REMOVE_BY_EMBEDDING,17,0.3289833068847656
REMOVE_BY_EMBEDDING,14,0.38489270210266113
REMOVE_BY_EMBEDDING,13,0.35781240463256836
REMOVE_BY_EMBEDDING,10,0.2722346782684326
REMOVE_BY_EMBEDDING,9,0.25063443183898926
REMOVE_BY_EMBEDDING,10,0.2826526165008545
REMOVE_BY_EMBEDDING,12,0.2883646488189697
REMOVE_BY_EMBEDDING,8,0.28975605964660645
REMOVE_BY_EMBEDDING,8,0.2582688331604004
REMOVE_BY_EMBEDDING,17,0.32607340812683105
REMOVE_BY_EMBEDDING,14,0.3317596912384033
REMOVE_BY_EMBEDDING,15,0.3326761722564697
REMOVE_BY_EMBEDDING,17,0.3298366069793701
REMOVE_BY_EMBEDDING,16,0.3000211715698242
REMOVE_BY_EMBEDDING,12,0.30219554901123047
REMOVE_BY_EMBEDDING,13,0.4120786190032959
REMOVE_BY_EMBEDDING,13,0.37342095375061035
REMOVE_BY_EMBEDDING,6,0.170546293258667
REMOVE_BY_EMBEDDING,8,0.17725753784179688
REMOVE_BY_EMBEDDING,8,0.20864486694335938
REMOVE_BY_EMBEDDING,6,0.20408368110656738
REMOVE_BY_EMBEDDING,13,0.39055633544921875
REMOVE_BY_EMBEDDING,9,0.356564998626709
REMOVE_BY_EMBEDDING,12,0.3200263977050781
REMOVE_BY_EMBEDDING,10,0.2828218936920166
REMOVE_BY_EMBEDDING,14,0.2990267276763916
REMOVE_BY_EMBEDDING,12,0.3469514846801758
REMOVE_BY_EMBEDDING,14,0.36684489250183105
REMOVE_BY_EMBEDDING,14,0.37058281898498535
REMOVE_BY_EMBEDDING,7,0.21056771278381348
REMOVE_BY_EMBEDDING,8,0.20570850372314453
REMOVE_BY_EMBEDDING,14,0.2523062229156494
REMOVE_BY_EMBEDDING,12,0.2521090507507324
REMOVE_BY_EMBEDDING,12,0.2626688480377197
REMOVE_BY_EMBEDDING,9,0.2654116153717041
REMOVE_BY_EMBEDDING,11,0.35206174850463867
REMOVE_BY_EMBEDDING,16,0.3840620517730713
REMOVE_BY_EMBEDDING,8,0.18018102645874023
REMOVE_BY_EMBEDDING,7,0.16918277740478516
REMOVE_BY_EMBEDDING,9,0.3453550338745117
REMOVE_BY_EMBEDDING,10,0.3340420722961426
REMOVE_BY_EMBEDDING,11,0.34467267990112305
REMOVE_BY_EMBEDDING,13,0.28889966011047363
REMOVE_BY_EMBEDDING,8,0.2587893009185791
REMOVE_BY_EMBEDDING,11,0.26024937629699707
REMOVE_BY_EMBEDDING,5,0.17253708839416504
REMOVE_BY_EMBEDDING,7,0.17580103874206543
REMOVE_BY_EMBEDDING,14,0.3605184555053711
REMOVE_BY_EMBEDDING,15,0.3629617691040039
REMOVE_BY_EMBEDDING,7,0.324019193649292
REMOVE_BY_EMBEDDING,13,0.3779563903808594
REMOVE_BY_LOUVAIN,9,0.026025056838989258
REMOVE_BY_LOUVAIN,22,0.024419546127319336
REMOVE_BY_EMBEDDING,13,0.2865004539489746
REMOVE_BY_LOUVAIN,15,0.016366004943847656
REMOVE_BY_EMBEDDING,7,0.26218128204345703
REMOVE_BY_EMBEDDING,10,0.26313090324401855
REMOVE_BY_EMBEDDING,12,0.2718534469604492
REMOVE_BY_EMBEDDING,11,0.2749466896057129
REMOVE_BY_LOUVAIN,20,0.01756000518798828
REMOVE_BY_LOUVAIN,20,0.017264366149902344
REMOVE_BY_LOUVAIN,16,0.020866870880126953
REMOVE_BY_LOUVAIN,15,0.0201873779296875
REMOVE_BY_LOUVAIN,13,0.012529850006103516
REMOVE_BY_LOUVAIN,20,0.01445317268371582
REMOVE_BY_LOUVAIN,20,0.015383481979370117
REMOVE_BY_LOUVAIN,12,0.013292312622070312
REMOVE_BY_LOUVAIN,12,0.013206958770751953
REMOVE_BY_LOUVAIN,22,0.016139745712280273
REMOVE_BY_LOUVAIN,14,0.017588376998901367
REMOVE_BY_LOUVAIN,12,0.014229536056518555
REMOVE_BY_LOUVAIN,10,0.017033100128173828
REMOVE_BY_LOUVAIN,6,0.011444807052612305
REMOVE_BY_LOUVAIN,6,0.011499643325805664
REMOVE_BY_LOUVAIN,15,0.013416528701782227
REMOVE_BY_LOUVAIN,15,0.01280832290649414
REMOVE_BY_LOUVAIN,23,0.014051675796508789
REMOVE_BY_LOUVAIN,23,0.014415502548217773
REMOVE_BY_LOUVAIN,20,0.014231681823730469
REMOVE_BY_LOUVAIN,20,0.015461921691894531
REMOVE_BY_LOUVAIN,10,0.008705615997314453
REMOVE_BY_LOUVAIN,10,0.008625507354736328
REMOVE_BY_LOUVAIN,14,0.02902841567993164
REMOVE_BY_EMBEDDING,15,0.4626736640930176
REMOVE_BY_LOUVAIN,20,0.01775956153869629
REMOVE_BY_EMBEDDING,10,0.31856489181518555
REMOVE_BY_LOUVAIN,10,0.020106792449951172
REMOVE_BY_EMBEDDING,11,0.3040909767150879
REMOVE_BY_LOUVAIN,22,0.022621870040893555
REMOVE_BY_EMBEDDING,17,0.3765890598297119
REMOVE_BY_LOUVAIN,23,0.01885533332824707
REMOVE_BY_EMBEDDING,17,0.35844874382019043
REMOVE_BY_LOUVAIN,12,0.014869213104248047
REMOVE_BY_EMBEDDING,6,0.20090699195861816
REMOVE_BY_LOUVAIN,12,0.017452001571655273
REMOVE_BY_EMBEDDING,10,0.2416081428527832
REMOVE_BY_LOUVAIN,13,0.012925148010253906
REMOVE_BY_EMBEDDING,10,0.25398850440979004
REMOVE_BY_LOUVAIN,10,0.011487245559692383
REMOVE_BY_EMBEDDING,6,0.1703052520751953
REMOVE_BY_LOUVAIN,15,0.016707181930541992
REMOVE_BY_EMBEDDING,12,0.27886390686035156
REMOVE_BY_LOUVAIN,14,0.028310298919677734
REMOVE_BY_LOUVAIN,23,0.017689943313598633
REMOVE_BY_LOUVAIN,18,0.017002344131469727
REMOVE_BY_LOUVAIN,20,0.017874717712402344
REMOVE_BY_LOUVAIN,10,0.009896516799926758
REMOVE_BY_LOUVAIN,9,0.013582944869995117
REMOVE_BY_LOUVAIN,6,0.01373291015625
REMOVE_BY_LOUVAIN,12,0.014383316040039062
REMOVE_BY_LOUVAIN,15,0.014304399490356445
REMOVE_BY_LOUVAIN,20,0.015069246292114258
REMOVE_BY_EMBEDDING,10,0.3862292766571045
REMOVE_BY_LOUVAIN,12,0.014755964279174805
REMOVE_BY_EMBEDDING,11,0.28593873977661133
REMOVE_BY_LOUVAIN,15,0.017740726470947266
REMOVE_BY_EMBEDDING,13,0.32088494300842285
REMOVE_BY_LOUVAIN,16,0.022686481475830078
REMOVE_BY_EMBEDDING,17,0.3767526149749756
REMOVE_BY_LOUVAIN,17,0.019463539123535156
REMOVE_BY_EMBEDDING,10,0.3551020622253418
REMOVE_BY_LOUVAIN,12,0.022306442260742188
REMOVE_BY_EMBEDDING,11,0.29642415046691895
REMOVE_BY_LOUVAIN,12,0.018818140029907227
REMOVE_BY_EMBEDDING,7,0.16909575462341309
REMOVE_BY_LOUVAIN,10,0.012357473373413086
REMOVE_BY_EMBEDDING,10,0.25659966468811035
REMOVE_BY_LOUVAIN,9,0.015128612518310547
REMOVE_BY_EMBEDDING,7,0.2065138816833496
REMOVE_BY_LOUVAIN,6,0.016521930694580078
REMOVE_BY_EMBEDDING,13,0.319887638092041
REMOVE_BY_LOUVAIN,20,0.024134159088134766
REMOVE_BY_EMBEDDING,11,0.475588321685791
REMOVE_BY_EMBEDDING,12,0.3600602149963379
REMOVE_BY_EMBEDDING,10,0.37017035484313965
REMOVE_BY_EMBEDDING,13,0.37198638916015625
REMOVE_BY_EMBEDDING,12,0.3799881935119629
REMOVE_BY_EMBEDDING,15,0.3847811222076416
REMOVE_BY_EMBEDDING,12,0.2971770763397217
REMOVE_BY_EMBEDDING,12,0.3010706901550293
REMOVE_BY_EMBEDDING,13,0.33074426651000977
REMOVE_BY_EMBEDDING,14,0.3440680503845215
REMOVE_BY_EMBEDDING,10,0.2759075164794922
REMOVE_BY_EMBEDDING,10,0.25855350494384766
REMOVE_BY_EMBEDDING,13,0.43456125259399414
REMOVE_BY_LOUVAIN,15,0.0179750919342041
REMOVE_BY_LOUVAIN,6,0.014400005340576172
REMOVE_BY_LOUVAIN,20,0.01724410057067871
REMOVE_BY_EMBEDDING,8,0.2549927234649658
REMOVE_BY_LOUVAIN,12,0.017233610153198242
REMOVE_BY_EMBEDDING,11,0.2456200122833252
REMOVE_BY_LOUVAIN,16,0.0203094482421875
REMOVE_BY_EMBEDDING,16,0.3538825511932373
REMOVE_BY_LOUVAIN,14,0.022258758544921875
REMOVE_BY_EMBEDDING,19,0.3514871597290039
REMOVE_BY_LOUVAIN,23,0.019682645797729492
REMOVE_BY_LOUVAIN,10,0.011897563934326172
REMOVE_BY_LOUVAIN,20,0.02492690086364746
REMOVE_BY_LOUVAIN,20,0.01474308967590332
REMOVE_BY_LOUVAIN,12,0.013178348541259766
REMOVE_BY_LOUVAIN,12,0.013518095016479492
REMOVE_BY_LOUVAIN,6,0.011996746063232422
REMOVE_BY_LOUVAIN,6,0.011570930480957031
REMOVE_BY_LOUVAIN,23,0.014189958572387695
REMOVE_BY_LOUVAIN,23,0.014512062072753906
REMOVE_BY_LOUVAIN,13,0.010832786560058594
REMOVE_BY_LOUVAIN,15,0.009303569793701172
REMOVE_BY_LOUVAIN,10,0.014352560043334961
REMOVE_BY_LOUVAIN,12,0.014382123947143555
REMOVE_BY_LOUVAIN,20,0.01707005500793457
REMOVE_BY_LOUVAIN,20,0.01418757438659668
REMOVE_BY_LOUVAIN,22,0.015649795532226562
REMOVE_BY_LOUVAIN,22,0.016024351119995117
REMOVE_BY_LOUVAIN,15,0.013971328735351562
REMOVE_BY_LOUVAIN,15,0.012183904647827148
REMOVE_BY_LOUVAIN,10,0.008838176727294922
REMOVE_BY_LOUVAIN,10,0.00875997543334961
REMOVE_BY_LOUVAIN,20,0.026860475540161133
REMOVE_BY_EMBEDDING,12,0.45894575119018555
REMOVE_BY_LOUVAIN,10,0.011352062225341797
REMOVE_BY_EMBEDDING,4,0.18061423301696777
REMOVE_BY_LOUVAIN,13,0.013128519058227539
REMOVE_BY_EMBEDDING,9,0.25419187545776367
REMOVE_BY_LOUVAIN,15,0.017370939254760742
REMOVE_BY_EMBEDDING,11,0.28281617164611816
REMOVE_BY_LOUVAIN,22,0.02306222915649414
REMOVE_BY_EMBEDDING,18,0.397646427154541
REMOVE_BY_LOUVAIN,12,0.015364885330200195
REMOVE_BY_EMBEDDING,9,0.19618439674377441
REMOVE_BY_LOUVAIN,16,0.019819259643554688
REMOVE_BY_EMBEDDING,15,0.320650577545166
REMOVE_BY_LOUVAIN,12,0.018767356872558594
REMOVE_BY_EMBEDDING,10,0.24875569343566895
REMOVE_BY_LOUVAIN,18,0.017216920852661133
REMOVE_BY_EMBEDDING,11,0.33141589164733887
REMOVE_BY_LOUVAIN,23,0.019656658172607422
REMOVE_BY_EMBEDDING,13,0.3595428466796875
REMOVE_BY_LOUVAIN,13,0.014566898345947266
REMOVE_BY_LOUVAIN,15,0.014547109603881836
REMOVE_BY_LOUVAIN,12,0.013100624084472656
REMOVE_BY_LOUVAIN,20,0.015581369400024414
REMOVE_BY_LOUVAIN,20,0.014975309371948242
REMOVE_BY_LOUVAIN,23,0.017876863479614258
REMOVE_BY_LOUVAIN,18,0.022490262985229492
REMOVE_BY_LOUVAIN,6,0.012006998062133789
REMOVE_BY_LOUVAIN,14,0.018215656280517578
REMOVE_BY_LOUVAIN,10,0.012263059616088867
REMOVE_BY_EMBEDDING,17,0.5126605033874512
REMOVE_BY_LOUVAIN,23,0.019356727600097656
REMOVE_BY_EMBEDDING,11,0.3537161350250244
REMOVE_BY_LOUVAIN,14,0.02112746238708496
REMOVE_BY_EMBEDDING,15,0.33672475814819336
REMOVE_BY_LOUVAIN,14,0.018926620483398438
REMOVE_BY_EMBEDDING,8,0.17345976829528809
REMOVE_BY_LOUVAIN,10,0.016003847122192383
REMOVE_BY_EMBEDDING,9,0.27287936210632324
REMOVE_BY_LOUVAIN,13,0.013971328735351562
REMOVE_BY_EMBEDDING,15,0.2980978488922119
REMOVE_BY_LOUVAIN,16,0.01782822608947754
REMOVE_BY_EMBEDDING,11,0.28386902809143066
REMOVE_BY_LOUVAIN,15,0.017656803131103516
REMOVE_BY_EMBEDDING,10,0.2522158622741699
REMOVE_BY_LOUVAIN,12,0.01694321632385254
REMOVE_BY_EMBEDDING,9,0.1998577117919922
REMOVE_BY_LOUVAIN,6,0.014406204223632812
REMOVE_BY_EMBEDDING,13,0.321364164352417
REMOVE_BY_LOUVAIN,20,0.020096302032470703
REMOVE_BY_EMBEDDING,10,0.3774869441986084
REMOVE_BY_EMBEDDING,11,0.2786991596221924
REMOVE_BY_EMBEDDING,16,0.361954927444458
REMOVE_BY_EMBEDDING,16,0.35276222229003906
REMOVE_BY_EMBEDDING,8,0.2613687515258789
REMOVE_BY_EMBEDDING,9,0.263214111328125
REMOVE_BY_EMBEDDING,17,0.3625330924987793
REMOVE_BY_EMBEDDING,15,0.368344783782959
REMOVE_BY_EMBEDDING,13,0.2861664295196533
REMOVE_BY_EMBEDDING,10,0.2838566303253174
REMOVE_BY_EMBEDDING,12,0.33042478561401367
REMOVE_BY_EMBEDDING,17,0.2895777225494385
REMOVE_BY_EMBEDDING,14,0.3240959644317627
REMOVE_BY_EMBEDDING,16,0.3255183696746826
REMOVE_BY_EMBEDDING,8,0.20747065544128418
REMOVE_BY_EMBEDDING,9,0.20966482162475586
REMOVE_BY_EMBEDDING,16,0.3526184558868408
REMOVE_BY_EMBEDDING,15,0.3545041084289551
REMOVE_BY_EMBEDDING,5,0.17091965675354004
REMOVE_BY_EMBEDDING,7,0.1716306209564209
REMOVE_BY_EMBEDDING,11,0.37021303176879883
REMOVE_BY_EMBEDDING,16,0.3285045623779297
REMOVE_BY_EMBEDDING,11,0.360060453414917
REMOVE_BY_EMBEDDING,12,0.2590615749359131
REMOVE_BY_EMBEDDING,8,0.2064344882965088
REMOVE_BY_EMBEDDING,6,0.3021223545074463
REMOVE_BY_EMBEDDING,7,0.17354321479797363
REMOVE_BY_EMBEDDING,11,0.28789377212524414
REMOVE_BY_EMBEDDING,18,0.36447763442993164
REMOVE_BY_EMBEDDING,16,0.32729172706604004
REMOVE_BY_LOUVAIN,16,0.022022485733032227
REMOVE_BY_LOUVAIN,15,0.013875484466552734
REMOVE_BY_LOUVAIN,12,0.013436317443847656
REMOVE_BY_LOUVAIN,10,0.008986473083496094
REMOVE_BY_LOUVAIN,12,0.011119365692138672
REMOVE_BY_LOUVAIN,16,0.016768693923950195
REMOVE_BY_LOUVAIN,22,0.017983198165893555
REMOVE_BY_LOUVAIN,9,0.01780414581298828
REMOVE_BY_LOUVAIN,9,0.011721134185791016
REMOVE_BY_LOUVAIN,17,0.015946626663208008
REMOVE_BY_EMBEDDING,6,0.29192376136779785
REMOVE_BY_EMBEDDING,15,0.32500123977661133
REMOVE_BY_EMBEDDING,10,0.252704381942749
REMOVE_BY_EMBEDDING,11,0.3604004383087158
REMOVE_BY_EMBEDDING,10,0.2984316349029541
REMOVE_BY_EMBEDDING,10,0.3252980709075928
REMOVE_BY_EMBEDDING,8,0.2080214023590088
REMOVE_BY_EMBEDDING,9,0.28044676780700684
REMOVE_BY_EMBEDDING,12,0.2589738368988037
REMOVE_BY_EMBEDDING,18,0.38770031929016113
REMOVE_BY_EMBEDDING,10,0.41747283935546875
REMOVE_BY_LOUVAIN,10,0.011117696762084961
REMOVE_BY_EMBEDDING,11,0.24282073974609375
REMOVE_BY_EMBEDDING,18,0.3613564968109131
REMOVE_BY_EMBEDDING,12,0.4004089832305908
REMOVE_BY_EMBEDDING,14,0.32253003120422363
REMOVE_BY_EMBEDDING,9,0.26154565811157227
REMOVE_BY_LOUVAIN,13,0.014983654022216797
REMOVE_BY_LOUVAIN,9,0.02204418182373047
REMOVE_BY_LOUVAIN,20,0.01764392852783203
REMOVE_BY_LOUVAIN,20,0.019081592559814453
REMOVE_BY_LOUVAIN,6,0.013012170791625977
REMOVE_BY_LOUVAIN,6,0.02501821517944336
REMOVE_BY_LOUVAIN,12,0.015542745590209961
REMOVE_BY_LOUVAIN,12,0.016464948654174805
REMOVE_BY_LOUVAIN,12,0.015431404113769531
REMOVE_BY_LOUVAIN,23,0.01571369171142578
REMOVE_BY_LOUVAIN,23,0.017049312591552734
REMOVE_BY_LOUVAIN,10,0.015038490295410156
REMOVE_BY_LOUVAIN,12,0.014757633209228516
REMOVE_BY_LOUVAIN,20,0.014826774597167969
REMOVE_BY_LOUVAIN,20,0.01542520523071289
REMOVE_BY_LOUVAIN,14,0.01615166664123535
REMOVE_BY_LOUVAIN,20,0.015711307525634766
REMOVE_BY_LOUVAIN,12,0.01795220375061035
REMOVE_BY_LOUVAIN,11,0.022721529006958008
REMOVE_BY_LOUVAIN,15,0.01098179817199707
REMOVE_BY_LOUVAIN,13,0.010482072830200195
REMOVE_BY_LOUVAIN,10,0.008634090423583984
REMOVE_BY_LOUVAIN,10,0.008924484252929688
REMOVE_BY_LOUVAIN,15,0.012253761291503906
REMOVE_BY_LOUVAIN,15,0.013016939163208008
REMOVE_BY_LOUVAIN,23,0.024807453155517578
REMOVE_BY_EMBEDDING,15,0.4978139400482178
REMOVE_BY_LOUVAIN,10,0.011271238327026367
REMOVE_BY_EMBEDDING,6,0.1662607192993164
REMOVE_BY_LOUVAIN,14,0.022878170013427734
REMOVE_BY_EMBEDDING,14,0.3502223491668701
REMOVE_BY_LOUVAIN,15,0.01566481590270996
REMOVE_BY_EMBEDDING,12,0.28816890716552734
REMOVE_BY_LOUVAIN,6,0.015735626220703125
REMOVE_BY_EMBEDDING,8,0.20425653457641602
REMOVE_BY_LOUVAIN,18,0.021071910858154297
REMOVE_BY_EMBEDDING,12,0.29216909408569336
REMOVE_BY_LOUVAIN,13,0.014073848724365234
REMOVE_BY_EMBEDDING,12,0.2533848285675049
REMOVE_BY_LOUVAIN,12,0.01784372329711914
REMOVE_BY_EMBEDDING,5,0.24795842170715332
REMOVE_BY_LOUVAIN,20,0.0202181339263916
REMOVE_BY_EMBEDDING,15,0.33949875831604004
REMOVE_BY_LOUVAIN,14,0.02070784568786621
REMOVE_BY_EMBEDDING,14,0.3034989833831787
REMOVE_BY_LOUVAIN,12,0.02521538734436035
REMOVE_BY_LOUVAIN,20,0.021945714950561523
REMOVE_BY_LOUVAIN,15,0.015909671783447266
REMOVE_BY_LOUVAIN,10,0.011643171310424805
REMOVE_BY_LOUVAIN,10,0.01758742332458496
REMOVE_BY_LOUVAIN,6,0.014874935150146484
REMOVE_BY_LOUVAIN,22,0.021956682205200195
REMOVE_BY_LOUVAIN,15,0.010454177856445312
REMOVE_BY_LOUVAIN,23,0.01578378677368164
REMOVE_BY_LOUVAIN,20,0.014153242111206055
REMOVE_BY_EMBEDDING,11,0.4788496494293213
REMOVE_BY_LOUVAIN,20,0.018836021423339844
REMOVE_BY_EMBEDDING,10,0.3985297679901123
REMOVE_BY_LOUVAIN,23,0.018433809280395508
REMOVE_BY_EMBEDDING,6,0.19866609573364258
REMOVE_BY_LOUVAIN,6,0.015459537506103516
REMOVE_BY_EMBEDDING,12,0.257861852645874
REMOVE_BY_LOUVAIN,12,0.017028331756591797
REMOVE_BY_EMBEDDING,12,0.3000369071960449
REMOVE_BY_LOUVAIN,12,0.018344879150390625
REMOVE_BY_EMBEDDING,15,0.35057783126831055
REMOVE_BY_LOUVAIN,22,0.01970362663269043
REMOVE_BY_EMBEDDING,14,0.2821776866912842
REMOVE_BY_LOUVAIN,15,0.015312910079956055
REMOVE_BY_EMBEDDING,5,0.1737384796142578
REMOVE_BY_LOUVAIN,10,0.011956214904785156
REMOVE_BY_EMBEDDING,10,0.25513434410095215
REMOVE_BY_LOUVAIN,13,0.015061140060424805
REMOVE_BY_EMBEDDING,11,0.32301878929138184
REMOVE_BY_LOUVAIN,14,0.021074533462524414
REMOVE_BY_EMBEDDING,11,0.463132381439209
REMOVE_BY_EMBEDDING,13,0.3286268711090088
REMOVE_BY_EMBEDDING,13,0.365525484085083
REMOVE_BY_EMBEDDING,15,0.3621492385864258
REMOVE_BY_EMBEDDING,8,0.17000126838684082
REMOVE_BY_EMBEDDING,8,0.1727142333984375
REMOVE_BY_EMBEDDING,12,0.2658274173736572
REMOVE_BY_EMBEDDING,11,0.2587556838989258
REMOVE_BY_EMBEDDING,12,0.3589191436767578
REMOVE_BY_EMBEDDING,10,0.35283708572387695
REMOVE_BY_EMBEDDING,6,0.21132373809814453
REMOVE_BY_EMBEDDING,6,0.21062707901000977
REMOVE_BY_EMBEDDING,7,0.24697661399841309
REMOVE_BY_EMBEDDING,8,0.2525060176849365
REMOVE_BY_EMBEDDING,14,0.28317713737487793
REMOVE_BY_EMBEDDING,9,0.2811098098754883
REMOVE_BY_EMBEDDING,14,0.326092004776001
REMOVE_BY_EMBEDDING,12,0.3264942169189453
REMOVE_BY_EMBEDDING,12,0.303694486618042
REMOVE_BY_EMBEDDING,12,0.30303311347961426
REMOVE_BY_EMBEDDING,8,0.39240312576293945
REMOVE_BY_EMBEDDING,11,0.2979698181152344
REMOVE_BY_EMBEDDING,14,0.36261487007141113
REMOVE_BY_EMBEDDING,7,0.2093043327331543
REMOVE_BY_EMBEDDING,12,0.3318448066711426
REMOVE_BY_EMBEDDING,7,0.17208147048950195
REMOVE_BY_EMBEDDING,8,0.24747681617736816
REMOVE_BY_EMBEDDING,14,0.3509085178375244
REMOVE_BY_EMBEDDING,16,0.3257462978363037
REMOVE_BY_EMBEDDING,13,0.2899346351623535
REMOVE_BY_LOUVAIN,23,0.0237424373626709
REMOVE_BY_LOUVAIN,12,0.01802515983581543
REMOVE_BY_LOUVAIN,20,0.016982078552246094
REMOVE_BY_LOUVAIN,12,0.01891779899597168
REMOVE_BY_LOUVAIN,12,0.013708829879760742
REMOVE_BY_LOUVAIN,20,0.01610565185546875
REMOVE_BY_LOUVAIN,6,0.012244462966918945
REMOVE_BY_LOUVAIN,13,0.011055469512939453
REMOVE_BY_LOUVAIN,10,0.008983373641967773
REMOVE_BY_LOUVAIN,20,0.013617515563964844
REMOVE_BY_EMBEDDING,7,0.34265780448913574
REMOVE_BY_EMBEDDING,8,0.1781463623046875
REMOVE_BY_EMBEDDING,15,0.3321390151977539
REMOVE_BY_EMBEDDING,13,0.33606791496276855
REMOVE_BY_EMBEDDING,16,0.31409645080566406
REMOVE_BY_EMBEDDING,12,0.29433751106262207
REMOVE_BY_EMBEDDING,13,0.26354146003723145
REMOVE_BY_EMBEDDING,13,0.346935510635376
REMOVE_BY_EMBEDDING,5,0.16690683364868164
REMOVE_BY_EMBEDDING,8,0.26572585105895996
REMOVE_BY_LOUVAIN,20,0.026906490325927734
REMOVE_BY_LOUVAIN,23,0.01708054542541504
REMOVE_BY_EMBEDDING,13,0.5630147457122803
REMOVE_BY_EMBEDDING,8,0.2784743309020996
REMOVE_BY_LOUVAIN,13,0.013617992401123047
REMOVE_BY_LOUVAIN,22,0.0248258113861084
REMOVE_BY_EMBEDDING,15,0.3497745990753174
REMOVE_BY_EMBEDDING,6,0.16953444480895996
REMOVE_BY_LOUVAIN,10,0.012474298477172852
REMOVE_BY_LOUVAIN,15,0.017243146896362305
REMOVE_BY_LOUVAIN,12,0.016570329666137695
REMOVE_BY_EMBEDDING,7,0.1959378719329834
REMOVE_BY_EMBEDDING,8,0.20400547981262207
REMOVE_BY_EMBEDDING,15,0.3342435359954834
REMOVE_BY_EMBEDDING,15,0.36865758895874023
REMOVE_BY_LOUVAIN,6,0.024226903915405273
REMOVE_BY_LOUVAIN,6,0.014788389205932617
REMOVE_BY_LOUVAIN,13,0.013349533081054688
REMOVE_BY_LOUVAIN,9,0.01404571533203125
REMOVE_BY_LOUVAIN,9,0.020528078079223633
REMOVE_BY_LOUVAIN,9,0.019913434982299805
REMOVE_BY_LOUVAIN,20,0.01483297348022461
REMOVE_BY_LOUVAIN,20,0.014879226684570312
REMOVE_BY_LOUVAIN,20,0.013646602630615234
REMOVE_BY_LOUVAIN,16,0.015954971313476562
REMOVE_BY_LOUVAIN,12,0.013357400894165039
REMOVE_BY_LOUVAIN,12,0.013645410537719727
REMOVE_BY_LOUVAIN,17,0.01567673683166504
REMOVE_BY_LOUVAIN,23,0.014284133911132812
REMOVE_BY_LOUVAIN,22,0.01662135124206543
REMOVE_BY_LOUVAIN,12,0.018116474151611328
REMOVE_BY_LOUVAIN,15,0.01332712173461914
REMOVE_BY_LOUVAIN,15,0.014150857925415039
REMOVE_BY_LOUVAIN,10,0.008737325668334961
REMOVE_BY_LOUVAIN,10,0.008985280990600586
REMOVE_BY_LOUVAIN,13,0.022462844848632812
REMOVE_BY_EMBEDDING,12,0.3859989643096924
REMOVE_BY_LOUVAIN,6,0.01687145233154297
REMOVE_BY_EMBEDDING,9,0.20035839080810547
REMOVE_BY_LOUVAIN,12,0.02292156219482422
REMOVE_BY_EMBEDDING,18,0.35083913803100586
REMOVE_BY_LOUVAIN,12,0.019015073776245117
REMOVE_BY_EMBEDDING,8,0.25005173683166504
REMOVE_BY_LOUVAIN,23,0.0184476375579834
REMOVE_BY_EMBEDDING,11,0.393627405166626
REMOVE_BY_LOUVAIN,15,0.017116546630859375
REMOVE_BY_EMBEDDING,12,0.2946047782897949
REMOVE_BY_LOUVAIN,20,0.023223400115966797
REMOVE_BY_EMBEDDING,13,0.32625341415405273
REMOVE_BY_LOUVAIN,12,0.019747018814086914
REMOVE_BY_EMBEDDING,10,0.2940688133239746
REMOVE_BY_LOUVAIN,10,0.010837554931640625
REMOVE_BY_EMBEDDING,6,0.1732492446899414
REMOVE_BY_LOUVAIN,20,0.020452499389648438
REMOVE_BY_EMBEDDING,13,0.3216080665588379
REMOVE_BY_LOUVAIN,20,0.026946306228637695
REMOVE_BY_LOUVAIN,23,0.018833637237548828
REMOVE_BY_LOUVAIN,12,0.0160825252532959
REMOVE_BY_LOUVAIN,22,0.01814436912536621
REMOVE_BY_LOUVAIN,15,0.014588594436645508
REMOVE_BY_LOUVAIN,16,0.015930891036987305
REMOVE_BY_LOUVAIN,10,0.008454084396362305
REMOVE_BY_LOUVAIN,18,0.014755487442016602
REMOVE_BY_LOUVAIN,13,0.010612964630126953
REMOVE_BY_LOUVAIN,6,0.012724637985229492
REMOVE_BY_EMBEDDING,9,0.35477113723754883
REMOVE_BY_LOUVAIN,6,0.015411376953125
REMOVE_BY_EMBEDDING,11,0.3215303421020508
REMOVE_BY_LOUVAIN,20,0.02046680450439453
REMOVE_BY_EMBEDDING,10,0.3532986640930176
REMOVE_BY_LOUVAIN,22,0.02017831802368164
REMOVE_BY_EMBEDDING,15,0.3162679672241211
REMOVE_BY_LOUVAIN,16,0.019171953201293945
REMOVE_BY_EMBEDDING,13,0.29769444465637207
REMOVE_BY_LOUVAIN,12,0.019656896591186523
REMOVE_BY_EMBEDDING,12,0.2855401039123535
REMOVE_BY_LOUVAIN,15,0.017597436904907227
REMOVE_BY_EMBEDDING,18,0.3710751533508301
REMOVE_BY_LOUVAIN,23,0.01813197135925293
REMOVE_BY_EMBEDDING,5,0.17244768142700195
REMOVE_BY_LOUVAIN,10,0.01102304458618164
REMOVE_BY_EMBEDDING,11,0.23791909217834473
REMOVE_BY_LOUVAIN,12,0.01861715316772461
REMOVE_BY_EMBEDDING,9,0.2598564624786377
REMOVE_BY_LOUVAIN,15,0.01410818099975586
REMOVE_BY_EMBEDDING,14,0.42951536178588867
REMOVE_BY_EMBEDDING,15,0.2959630489349365
REMOVE_BY_EMBEDDING,12,0.25586581230163574
REMOVE_BY_EMBEDDING,10,0.2668464183807373
REMOVE_BY_EMBEDDING,12,0.25812244415283203
REMOVE_BY_EMBEDDING,10,0.28856635093688965
REMOVE_BY_EMBEDDING,7,0.2035367488861084
REMOVE_BY_EMBEDDING,7,0.20902347564697266
REMOVE_BY_EMBEDDING,6,0.17839646339416504
REMOVE_BY_EMBEDDING,5,0.17703819274902344
REMOVE_BY_EMBEDDING,17,0.42959165573120117
REMOVE_BY_EMBEDDING,13,0.3932657241821289
REMOVE_BY_EMBEDDING,12,0.3357558250427246
REMOVE_BY_EMBEDDING,15,0.3445403575897217
REMOVE_BY_EMBEDDING,14,0.3352031707763672
REMOVE_BY_EMBEDDING,16,0.33859992027282715
REMOVE_BY_EMBEDDING,10,0.3118431568145752
REMOVE_BY_EMBEDDING,10,0.30762314796447754
REMOVE_BY_EMBEDDING,13,0.37308526039123535
REMOVE_BY_EMBEDDING,13,0.3624725341796875
REMOVE_BY_EMBEDDING,13,0.46543049812316895
REMOVE_BY_EMBEDDING,9,0.2767066955566406
SUBGRAPH,20,0.0027735233306884766
ATTR_MASK,24,0.0005846023559570312
SUBGRAPH,11,0.000919342041015625
SUBGRAPH,11,0.0009248256683349609
ATTR_MASK,23,0.00021004676818847656
ATTR_MASK,23,0.00019788742065429688
ATTR_MASK,21,0.0002148151397705078
ATTR_MASK,16,0.0003077983856201172
EDGE_PERT,26,0.0005896091461181641
ATTR_MASK,26,0.00027823448181152344
SUBGRAPH,23,0.0018846988677978516
NODE_DROP,16,0.0004012584686279297
SUBGRAPH,17,0.001486063003540039
NODE_DROP,21,0.00037026405334472656
NODE_DROP,19,0.0016112327575683594
NODE_DROP,19,0.0003790855407714844
NODE_DROP,17,0.0004169940948486328
NODE_DROP,17,0.0003924369812011719
NODE_DROP,23,0.0005064010620117188
NODE_DROP,23,0.0004470348358154297
NODE_DROP,21,0.00047326087951660156
NODE_DROP,21,0.0004398822784423828
NODE_DROP,20,0.0005118846893310547
NODE_DROP,20,0.0002498626708984375
NODE_DROP,11,0.00021123886108398438
NODE_DROP,11,0.00022482872009277344
NODE_DROP,16,0.00024509429931640625
NODE_DROP,16,0.00019478797912597656
NODE_DROP,13,0.0002148151397705078
NODE_DROP,13,0.0002903938293457031
NODE_DROP,21,0.00020241737365722656
NODE_DROP,21,0.0001971721649169922
NODE_DROP,24,0.00020265579223632812
NODE_DROP,24,0.00032329559326171875
NODE_DROP,24,0.0015041828155517578
SUBGRAPH,24,0.0027043819427490234
NODE_DROP,21,0.0004703998565673828
SUBGRAPH,21,0.0020236968994140625
NODE_DROP,19,0.0004367828369140625
SUBGRAPH,19,0.0016202926635742188
NODE_DROP,17,0.0003426074981689453
SUBGRAPH,17,0.001291036605834961
NODE_DROP,13,0.00035691261291503906
SUBGRAPH,13,0.0010690689086914062
NODE_DROP,16,0.00034356117248535156
SUBGRAPH,17,0.0012750625610351562
NODE_DROP,20,0.0003294944763183594
SUBGRAPH,20,0.001378774642944336
NODE_DROP,11,0.0003070831298828125
SUBGRAPH,11,0.0009644031524658203
NODE_DROP,23,0.0003304481506347656
SUBGRAPH,23,0.0015141963958740234
NODE_DROP,21,0.0003142356872558594
SUBGRAPH,21,0.00142669677734375
NODE_DROP,21,0.0012576580047607422
EDGE_PERT,26,0.0006406307220458984
NODE_DROP,19,0.00031280517578125
EDGE_PERT,23,0.0003848075866699219
NODE_DROP,17,0.00035762786865234375
EDGE_PERT,21,0.0004611015319824219
NODE_DROP,24,0.00040459632873535156
EDGE_PERT,29,0.0004527568817138672
NODE_DROP,23,0.0003876686096191406
EDGE_PERT,28,0.00043582916259765625
NODE_DROP,13,0.0002808570861816406
EDGE_PERT,16,0.00039458274841308594
NODE_DROP,20,0.0003006458282470703
EDGE_PERT,24,0.0003848075866699219
NODE_DROP,11,0.00029158592224121094
EDGE_PERT,13,0.00041484832763671875
NODE_DROP,21,0.00029921531677246094
EDGE_PERT,26,0.00038814544677734375
NODE_DROP,16,0.0003211498260498047
EDGE_PERT,20,0.0003833770751953125
NODE_DROP,16,0.0012764930725097656
ATTR_MASK,20,0.0005450248718261719
NODE_DROP,20,0.0003571510314941406
ATTR_MASK,24,0.0002162456512451172
NODE_DROP,11,0.0005986690521240234
ATTR_MASK,13,0.00032329559326171875
NODE_DROP,21,0.0005948543548583984
ATTR_MASK,26,0.0003452301025390625
NODE_DROP,13,0.0004944801330566406
ATTR_MASK,16,0.00026679039001464844
NODE_DROP,23,0.0004112720489501953
ATTR_MASK,28,0.0003485679626464844
NODE_DROP,19,0.0003972053527832031
ATTR_MASK,23,0.00025177001953125
NODE_DROP,24,0.00044345855712890625
ATTR_MASK,29,0.0003247261047363281
NODE_DROP,17,0.0004439353942871094
ATTR_MASK,21,0.0002994537353515625
NODE_DROP,21,0.0004181861877441406
ATTR_MASK,26,0.0002875328063964844
NODE_DROP,21,0.001392364501953125
NODE_DROP,24,0.0003554821014404297
NODE_DROP,13,0.0003230571746826172
NODE_DROP,17,0.00039887428283691406
NODE_DROP,16,0.0004124641418457031
NODE_DROP,19,0.00041604042053222656
NODE_DROP,23,0.0004296302795410156
NODE_DROP,20,0.0004248619079589844
NODE_DROP,21,0.00041794776916503906
NODE_DROP,11,0.0002949237823486328
SUBGRAPH,13,0.0034134387969970703
NODE_DROP,13,0.0005240440368652344
SUBGRAPH,19,0.002439260482788086
NODE_DROP,19,0.0005183219909667969
SUBGRAPH,24,0.00249481201171875
NODE_DROP,24,0.00040149688720703125
SUBGRAPH,20,0.0016345977783203125
NODE_DROP,20,0.0004253387451171875
SUBGRAPH,23,0.0018188953399658203
NODE_DROP,23,0.000396728515625
SUBGRAPH,17,0.0014467239379882812
NODE_DROP,17,0.00041985511779785156
SUBGRAPH,21,0.0017242431640625
NODE_DROP,21,0.0004100799560546875
SUBGRAPH,21,0.0016825199127197266
NODE_DROP,21,0.00044155120849609375
SUBGRAPH,17,0.0014677047729492188
NODE_DROP,16,0.0004324913024902344
SUBGRAPH,11,0.0011289119720458984
NODE_DROP,11,0.0003764629364013672
SUBGRAPH,23,0.0037992000579833984
SUBGRAPH,23,0.0019288063049316406
SUBGRAPH,19,0.002056598663330078
SUBGRAPH,19,0.002008199691772461
SUBGRAPH,13,0.0011954307556152344
SUBGRAPH,13,0.001216888427734375
SUBGRAPH,17,0.0014507770538330078
SUBGRAPH,17,0.0014674663543701172
SUBGRAPH,11,0.001069784164428711
SUBGRAPH,11,0.0010993480682373047
SUBGRAPH,21,0.0015892982482910156
SUBGRAPH,21,0.0015940666198730469
SUBGRAPH,21,0.001611948013305664
SUBGRAPH,21,0.0016672611236572266
SUBGRAPH,17,0.0013899803161621094
SUBGRAPH,17,0.0014674663543701172
SUBGRAPH,20,0.0015492439270019531
SUBGRAPH,20,0.00160980224609375
SUBGRAPH,24,0.0018000602722167969
SUBGRAPH,24,0.0018603801727294922
SUBGRAPH,21,0.0033698081970214844
EDGE_PERT,26,0.0008740425109863281
SUBGRAPH,11,0.0012576580047607422
EDGE_PERT,13,0.0005655288696289062
SUBGRAPH,21,0.0018031597137451172
EDGE_PERT,26,0.0005803108215332031
SUBGRAPH,19,0.0017337799072265625
EDGE_PERT,23,0.0005698204040527344
SUBGRAPH,24,0.0020089149475097656
EDGE_PERT,29,0.0005962848663330078
SUBGRAPH,13,0.0013666152954101562
EDGE_PERT,16,0.0005831718444824219
SUBGRAPH,23,0.002001523971557617
EDGE_PERT,28,0.0005953311920166016
SUBGRAPH,20,0.0018177032470703125
EDGE_PERT,24,0.0005590915679931641
SUBGRAPH,17,0.0015575885772705078
EDGE_PERT,20,0.0005910396575927734
SUBGRAPH,17,0.0014989376068115234
EDGE_PERT,21,0.0005731582641601562
SUBGRAPH,20,0.0025758743286132812
ATTR_MASK,24,0.0007596015930175781
SUBGRAPH,21,0.0015840530395507812
ATTR_MASK,26,0.000263214111328125
SUBGRAPH,24,0.0015680789947509766
ATTR_MASK,29,0.0002048015594482422
SUBGRAPH,11,0.0007545948028564453
ATTR_MASK,13,0.00018715858459472656
SUBGRAPH,19,0.0010023117065429688
ATTR_MASK,23,0.00018906593322753906
SUBGRAPH,23,0.0011577606201171875
ATTR_MASK,28,0.00028014183044433594
SUBGRAPH,21,0.0010716915130615234
ATTR_MASK,26,0.00025653839111328125
SUBGRAPH,17,0.0009479522705078125
ATTR_MASK,20,0.0001900196075439453
SUBGRAPH,17,0.0009560585021972656
ATTR_MASK,21,0.00018715858459472656
SUBGRAPH,13,0.0008137226104736328
ATTR_MASK,16,0.0001819133758544922
SUBGRAPH,20,0.0035991668701171875
SUBGRAPH,19,0.0016293525695800781
SUBGRAPH,24,0.0024123191833496094
SUBGRAPH,11,0.0013668537139892578
SUBGRAPH,13,0.001493692398071289
SUBGRAPH,23,0.001566171646118164
SUBGRAPH,21,0.0014765262603759766
SUBGRAPH,17,0.001277923583984375
SUBGRAPH,17,0.0012717247009277344
SUBGRAPH,21,0.0013740062713623047
EDGE_PERT,21,0.0013728141784667969
NODE_DROP,17,0.0008511543273925781
EDGE_PERT,29,0.0007343292236328125
NODE_DROP,24,0.0005316734313964844
EDGE_PERT,26,0.0005452632904052734
NODE_DROP,21,0.00045561790466308594
EDGE_PERT,23,0.0005276203155517578
NODE_DROP,19,0.0005125999450683594
EDGE_PERT,20,0.0003936290740966797
NODE_DROP,16,0.0003402233123779297
EDGE_PERT,13,0.0003986358642578125
NODE_DROP,11,0.0003082752227783203
EDGE_PERT,26,0.00037670135498046875
NODE_DROP,21,0.00041365623474121094
EDGE_PERT,16,0.0003905296325683594
NODE_DROP,13,0.0003323554992675781
EDGE_PERT,24,0.00039577484130859375
NODE_DROP,20,0.0003266334533691406
EDGE_PERT,28,0.00039958953857421875
NODE_DROP,23,0.0003387928009033203
EDGE_PERT,24,0.0011417865753173828
SUBGRAPH,20,0.0020542144775390625
EDGE_PERT,28,0.0003769397735595703
SUBGRAPH,23,0.001775503158569336
EDGE_PERT,16,0.0004096031188964844
SUBGRAPH,13,0.001119852066040039
EDGE_PERT,13,0.00037169456481933594
SUBGRAPH,11,0.0007483959197998047
EDGE_PERT,26,0.0003695487976074219
SUBGRAPH,21,0.0012431144714355469
EDGE_PERT,21,0.0003085136413574219
SUBGRAPH,17,0.0009591579437255859
EDGE_PERT,23,0.000308990478515625
SUBGRAPH,19,0.0010488033294677734
EDGE_PERT,20,0.00030517578125
SUBGRAPH,17,0.0009722709655761719
EDGE_PERT,26,0.00031065940856933594
SUBGRAPH,21,0.0011680126190185547
EDGE_PERT,29,0.0003294944763183594
SUBGRAPH,24,0.001291513442993164
EDGE_PERT,26,0.0012001991271972656
EDGE_PERT,26,0.0005736351013183594
EDGE_PERT,21,0.0003981590270996094
EDGE_PERT,21,0.0004940032958984375
EDGE_PERT,13,0.0004513263702392578
EDGE_PERT,13,0.0004627704620361328
EDGE_PERT,26,0.0004899501800537109
EDGE_PERT,26,0.00046515464782714844
EDGE_PERT,23,0.00041103363037109375
EDGE_PERT,23,0.00037360191345214844
EDGE_PERT,29,0.000396728515625
EDGE_PERT,29,0.0004246234893798828
EDGE_PERT,24,0.0003762245178222656
EDGE_PERT,24,0.00039196014404296875
EDGE_PERT,20,0.0003330707550048828
EDGE_PERT,20,0.00044465065002441406
EDGE_PERT,28,0.0003418922424316406
EDGE_PERT,28,0.00043272972106933594
EDGE_PERT,16,0.00039505958557128906
EDGE_PERT,16,0.0004994869232177734
EDGE_PERT,29,0.0012485980987548828
ATTR_MASK,29,0.0006887912750244141
EDGE_PERT,28,0.0004253387451171875
ATTR_MASK,28,0.0002949237823486328
EDGE_PERT,16,0.0004754066467285156
ATTR_MASK,16,0.00025153160095214844
EDGE_PERT,24,0.0004553794860839844
ATTR_MASK,24,0.00025391578674316406
EDGE_PERT,26,0.0004527568817138672
ATTR_MASK,26,0.00020551681518554688
EDGE_PERT,13,0.0002627372741699219
ATTR_MASK,13,0.0001513957977294922
EDGE_PERT,21,0.0002791881561279297
ATTR_MASK,21,0.0001621246337890625
EDGE_PERT,20,0.00027942657470703125
ATTR_MASK,20,0.00019431114196777344
EDGE_PERT,23,0.0002472400665283203
ATTR_MASK,23,0.00017333030700683594
EDGE_PERT,26,0.0002510547637939453
ATTR_MASK,26,0.00018215179443359375
EDGE_PERT,24,0.0014562606811523438
EDGE_PERT,20,0.0005061626434326172
EDGE_PERT,21,0.0004730224609375
EDGE_PERT,16,0.0005750656127929688
EDGE_PERT,29,0.0005583763122558594
EDGE_PERT,26,0.0005433559417724609
EDGE_PERT,26,0.0005450248718261719
EDGE_PERT,23,0.0005393028259277344
EDGE_PERT,13,0.0004591941833496094
EDGE_PERT,28,0.00040149688720703125
ATTR_MASK,20,0.001074075698852539
NODE_DROP,16,0.0009071826934814453
ATTR_MASK,24,0.00023698806762695312
NODE_DROP,20,0.0004010200500488281
ATTR_MASK,16,0.0002493858337402344
NODE_DROP,13,0.0003345012664794922
ATTR_MASK,28,0.0002224445343017578
NODE_DROP,23,0.00033545494079589844
ATTR_MASK,13,0.0001983642578125
NODE_DROP,11,0.00029921531677246094
ATTR_MASK,26,0.0002143383026123047
NODE_DROP,21,0.0003161430358886719
ATTR_MASK,21,0.00021147727966308594
NODE_DROP,17,0.0003082752227783203
ATTR_MASK,26,0.0002090930938720703
NODE_DROP,21,0.0003261566162109375
ATTR_MASK,29,0.00026488304138183594
NODE_DROP,24,0.0004391670227050781
ATTR_MASK,23,0.000255584716796875
NODE_DROP,19,0.00034928321838378906
ATTR_MASK,28,0.0013918876647949219
SUBGRAPH,23,0.0031435489654541016
ATTR_MASK,16,0.0003848075866699219
SUBGRAPH,13,0.001486063003540039
ATTR_MASK,13,0.00031495094299316406
SUBGRAPH,11,0.0013003349304199219
ATTR_MASK,29,0.0002391338348388672
SUBGRAPH,24,0.001209259033203125
ATTR_MASK,21,0.00023746490478515625
SUBGRAPH,17,0.0009334087371826172
ATTR_MASK,26,0.00022411346435546875
SUBGRAPH,21,0.0010957717895507812
ATTR_MASK,20,0.00022149085998535156
SUBGRAPH,17,0.0011260509490966797
ATTR_MASK,26,0.0002224445343017578
SUBGRAPH,21,0.0010950565338134766
ATTR_MASK,23,0.00021839141845703125
SUBGRAPH,19,0.0011780261993408203
ATTR_MASK,24,0.00023746490478515625
SUBGRAPH,20,0.0012211799621582031
ATTR_MASK,24,0.001222848892211914
EDGE_PERT,24,0.0008347034454345703
ATTR_MASK,26,0.0003535747528076172
EDGE_PERT,26,0.0005948543548583984
ATTR_MASK,20,0.000270843505859375
EDGE_PERT,20,0.0005476474761962891
ATTR_MASK,28,0.0002899169921875
EDGE_PERT,28,0.0005478858947753906
ATTR_MASK,21,0.0002536773681640625
EDGE_PERT,21,0.00044345855712890625
ATTR_MASK,26,0.00024318695068359375
EDGE_PERT,26,0.0005362033843994141
ATTR_MASK,29,0.0002491474151611328
EDGE_PERT,29,0.0005049705505371094
ATTR_MASK,13,0.000232696533203125
EDGE_PERT,13,0.0004317760467529297
ATTR_MASK,16,0.00023365020751953125
EDGE_PERT,16,0.0005340576171875
ATTR_MASK,23,0.0002467632293701172
EDGE_PERT,23,0.0004425048828125
ATTR_MASK,13,0.0011332035064697266
ATTR_MASK,13,0.0002624988555908203
ATTR_MASK,24,0.0002636909484863281
ATTR_MASK,24,0.0003159046173095703
ATTR_MASK,26,0.0002892017364501953
ATTR_MASK,26,0.00027632713317871094
ATTR_MASK,28,0.0002789497375488281
ATTR_MASK,28,0.0002727508544921875
ATTR_MASK,29,0.00028204917907714844
ATTR_MASK,29,0.00029587745666503906
ATTR_MASK,23,0.00025177001953125
ATTR_MASK,23,0.00022649765014648438
ATTR_MASK,20,0.00025010108947753906
ATTR_MASK,20,0.0002219676971435547
ATTR_MASK,21,0.0002269744873046875
ATTR_MASK,21,0.00022459030151367188
ATTR_MASK,16,0.00021219253540039062
ATTR_MASK,16,0.0002663135528564453
ATTR_MASK,26,0.00021219253540039062
ATTR_MASK,26,0.00027298927307128906
ATTR_MASK,24,0.0008895397186279297
ATTR_MASK,23,0.00018858909606933594
ATTR_MASK,29,0.00020623207092285156
ATTR_MASK,13,0.00020742416381835938
ATTR_MASK,16,0.0001983642578125
ATTR_MASK,28,0.00020813941955566406
ATTR_MASK,26,0.00021004676818847656
ATTR_MASK,20,0.00021004676818847656
ATTR_MASK,21,0.00020003318786621094
ATTR_MASK,26,0.00018358230590820312
NODE_DROP,23,0.0016314983367919922
NODE_DROP,11,0.00039267539978027344
NODE_DROP,19,0.0003905296325683594
NODE_DROP,21,0.0004436969757080078
NODE_DROP,17,0.0004172325134277344
NODE_DROP,16,0.00042819976806640625
NODE_DROP,24,0.0004367828369140625
NODE_DROP,20,0.00038242340087890625
NODE_DROP,21,0.00033593177795410156
NODE_DROP,13,0.0003306865692138672
SUBGRAPH,17,0.003393888473510742
SUBGRAPH,19,0.0025010108947753906
SUBGRAPH,11,0.001413583755493164
SUBGRAPH,23,0.0023593902587890625
SUBGRAPH,20,0.002134084701538086
SUBGRAPH,24,0.001626729965209961
SUBGRAPH,21,0.0014905929565429688
SUBGRAPH,17,0.001211404800415039
SUBGRAPH,21,0.0014040470123291016
SUBGRAPH,13,0.0010139942169189453
EDGE_PERT,26,0.0015544891357421875
EDGE_PERT,16,0.00069427490234375
EDGE_PERT,20,0.0006103515625
EDGE_PERT,13,0.0005738735198974609
EDGE_PERT,26,0.0005548000335693359
EDGE_PERT,21,0.00030994415283203125
EDGE_PERT,23,0.0003066062927246094
EDGE_PERT,28,0.0003495216369628906
EDGE_PERT,24,0.00030493736267089844
EDGE_PERT,29,0.0003123283386230469
ATTR_MASK,24,0.001314401626586914
ATTR_MASK,13,0.00035500526428222656
ATTR_MASK,26,0.00036644935607910156
ATTR_MASK,26,0.0003075599670410156
ATTR_MASK,29,0.0003056526184082031
ATTR_MASK,23,0.0003094673156738281
ATTR_MASK,21,0.0002562999725341797
ATTR_MASK,16,0.00021457672119140625
ATTR_MASK,28,0.0002281665802001953
ATTR_MASK,20,0.0002491474151611328
NODE_DROP,17,0.0013544559478759766
SUBGRAPH,17,0.002026796340942383
SUBGRAPH,21,0.0014612674713134766
ATTR_MASK,26,0.0011365413665771484
EDGE_PERT,28,0.00054168701171875
ATTR_MASK,28,0.0002906322479248047
ATTR_MASK,16,0.0002193450927734375
NODE_DROP,13,0.00036263465881347656
EDGE_PERT,29,0.0003161430358886719
SUBGRAPH,24,0.001369476318359375
ATTR_MASK,20,0.00022482872009277344
ATTR_MASK,23,0.0002372264862060547
SUBGRAPH,19,0.0011932849884033203
ATTR_MASK,26,0.00022292137145996094
NODE_DROP,21,0.0002779960632324219
ATTR_MASK,24,0.00020551681518554688
EDGE_PERT,24,0.0003516674041748047
EDGE_PERT,13,0.00032258033752441406
NODE_DROP,13,0.0013875961303710938
NODE_DROP,13,0.0002777576446533203
NODE_DROP,16,0.0003027915954589844
NODE_DROP,16,0.0002906322479248047
NODE_DROP,17,0.000385284423828125
NODE_DROP,17,0.00030517578125
NODE_DROP,19,0.0003750324249267578
NODE_DROP,19,0.00032210350036621094
NODE_DROP,11,0.00036406517028808594
NODE_DROP,11,0.0003116130828857422
NODE_DROP,24,0.0004956722259521484
NODE_DROP,24,0.0002639293670654297
NODE_DROP,20,0.0003058910369873047
NODE_DROP,20,0.00037217140197753906
NODE_DROP,21,0.00032019615173339844
NODE_DROP,21,0.0002579689025878906
NODE_DROP,23,0.0003058910369873047
NODE_DROP,23,0.0002579689025878906
NODE_DROP,21,0.0003120899200439453
NODE_DROP,21,0.0002567768096923828
NODE_DROP,19,0.0016589164733886719
SUBGRAPH,19,0.0028028488159179688
NODE_DROP,17,0.0004744529724121094
SUBGRAPH,17,0.0018715858459472656
NODE_DROP,11,0.0004470348358154297
SUBGRAPH,11,0.001110076904296875
NODE_DROP,23,0.0003829002380371094
SUBGRAPH,23,0.0017096996307373047
NODE_DROP,21,0.00037980079650878906
SUBGRAPH,21,0.0014727115631103516
NODE_DROP,13,0.00033545494079589844
SUBGRAPH,13,0.00115966796875
NODE_DROP,24,0.00035643577575683594
SUBGRAPH,24,0.0016613006591796875
NODE_DROP,21,0.00035452842712402344
SUBGRAPH,21,0.001547098159790039
NODE_DROP,20,0.0003790855407714844
SUBGRAPH,20,0.0014679431915283203
NODE_DROP,16,0.00037026405334472656
SUBGRAPH,17,0.0013663768768310547
NODE_DROP,11,0.0016028881072998047
EDGE_PERT,13,0.0008325576782226562
NODE_DROP,20,0.0005419254302978516
EDGE_PERT,24,0.0006990432739257812
NODE_DROP,23,0.0005161762237548828
EDGE_PERT,28,0.0005929470062255859
NODE_DROP,17,0.00048279762268066406
EDGE_PERT,21,0.0004971027374267578
NODE_DROP,24,0.00038695335388183594
EDGE_PERT,29,0.0004534721374511719
NODE_DROP,21,0.0003921985626220703
EDGE_PERT,26,0.0005216598510742188
NODE_DROP,19,0.0003533363342285156
EDGE_PERT,23,0.0005371570587158203
NODE_DROP,16,0.0003757476806640625
EDGE_PERT,20,0.0004756450653076172
NODE_DROP,13,0.00035452842712402344
EDGE_PERT,16,0.0005393028259277344
NODE_DROP,21,0.0003743171691894531
EDGE_PERT,26,0.0004754066467285156
NODE_DROP,17,0.0016658306121826172
ATTR_MASK,21,0.0007567405700683594
NODE_DROP,21,0.0005543231964111328
ATTR_MASK,26,0.0003483295440673828
NODE_DROP,20,0.0005097389221191406
ATTR_MASK,24,0.0002961158752441406
NODE_DROP,13,0.00040149688720703125
ATTR_MASK,16,0.00032591819763183594
NODE_DROP,11,0.0003521442413330078
ATTR_MASK,13,0.00032901763916015625
NODE_DROP,21,0.0003771781921386719
ATTR_MASK,26,0.00032067298889160156
NODE_DROP,19,0.00037980079650878906
ATTR_MASK,23,0.0003235340118408203
NODE_DROP,23,0.0004267692565917969
ATTR_MASK,28,0.0002655982971191406
NODE_DROP,24,0.0004088878631591797
ATTR_MASK,29,0.0003001689910888672
NODE_DROP,16,0.00039458274841308594
ATTR_MASK,20,0.00030517578125
NODE_DROP,20,0.0018436908721923828
NODE_DROP,11,0.0004971027374267578
NODE_DROP,17,0.0005881786346435547
NODE_DROP,24,0.0004372596740722656
NODE_DROP,21,0.0004334449768066406
NODE_DROP,16,0.00041866302490234375
NODE_DROP,23,0.0003991127014160156
NODE_DROP,13,0.0003921985626220703
NODE_DROP,21,0.00043463706970214844
NODE_DROP,19,0.0004069805145263672
SUBGRAPH,20,0.0054056644439697266
NODE_DROP,20,0.0005395412445068359
SUBGRAPH,11,0.0009403228759765625
NODE_DROP,11,0.00044274330139160156
SUBGRAPH,21,0.0013606548309326172
NODE_DROP,21,0.0004544258117675781
SUBGRAPH,17,0.001140594482421875
NODE_DROP,16,0.0003142356872558594
SUBGRAPH,24,0.0014717578887939453
NODE_DROP,24,0.00043654441833496094
SUBGRAPH,23,0.0014781951904296875
NODE_DROP,23,0.00042891502380371094
SUBGRAPH,21,0.0013325214385986328
NODE_DROP,21,0.0003662109375
SUBGRAPH,13,0.0010442733764648438
NODE_DROP,13,0.00034427642822265625
SUBGRAPH,19,0.0013689994812011719
NODE_DROP,19,0.00035452842712402344
SUBGRAPH,17,0.0012276172637939453
NODE_DROP,17,0.00034928321838378906
SUBGRAPH,17,0.0032804012298583984
SUBGRAPH,17,0.0017671585083007812
SUBGRAPH,24,0.0024323463439941406
SUBGRAPH,24,0.0022363662719726562
SUBGRAPH,23,0.0015187263488769531
SUBGRAPH,23,0.0015573501586914062
SUBGRAPH,13,0.0010499954223632812
SUBGRAPH,13,0.0011699199676513672
SUBGRAPH,20,0.0013763904571533203
SUBGRAPH,20,0.0014028549194335938
SUBGRAPH,11,0.0009469985961914062
SUBGRAPH,11,0.0009572505950927734
SUBGRAPH,19,0.0013241767883300781
SUBGRAPH,19,0.0013659000396728516
SUBGRAPH,21,0.0014412403106689453
SUBGRAPH,21,0.0014824867248535156
SUBGRAPH,21,0.0013947486877441406
SUBGRAPH,21,0.0014445781707763672
SUBGRAPH,17,0.0012526512145996094
SUBGRAPH,17,0.0013926029205322266
SUBGRAPH,17,0.0035142898559570312
EDGE_PERT,20,0.0009453296661376953
SUBGRAPH,23,0.0025413036346435547
EDGE_PERT,28,0.0005195140838623047
SUBGRAPH,21,0.001641988754272461
EDGE_PERT,26,0.0004813671112060547
SUBGRAPH,17,0.001344919204711914
EDGE_PERT,21,0.0004973411560058594
SUBGRAPH,13,0.0011103153228759766
EDGE_PERT,16,0.0004889965057373047
SUBGRAPH,19,0.001398324966430664
EDGE_PERT,23,0.0004851818084716797
SUBGRAPH,11,0.0010190010070800781
EDGE_PERT,13,0.0005028247833251953
SUBGRAPH,24,0.0016307830810546875
EDGE_PERT,29,0.00046443939208984375
SUBGRAPH,21,0.0014886856079101562
EDGE_PERT,26,0.00044798851013183594
SUBGRAPH,20,0.0014433860778808594
EDGE_PERT,24,0.000446319580078125
SUBGRAPH,17,0.002261638641357422
ATTR_MASK,20,0.000518798828125
SUBGRAPH,20,0.001142263412475586
ATTR_MASK,24,0.000240325927734375
SUBGRAPH,21,0.0014841556549072266
ATTR_MASK,26,0.00022459030151367188
SUBGRAPH,24,0.0016319751739501953
ATTR_MASK,29,0.0002028942108154297
SUBGRAPH,11,0.0007193088531494141
ATTR_MASK,13,0.0002999305725097656
SUBGRAPH,13,0.0008089542388916016
ATTR_MASK,16,0.0001919269561767578
SUBGRAPH,23,0.0011262893676757812
ATTR_MASK,28,0.0003414154052734375
SUBGRAPH,19,0.0011658668518066406
ATTR_MASK,23,0.0003020763397216797
SUBGRAPH,21,0.0011911392211914062
ATTR_MASK,26,0.00029730796813964844
SUBGRAPH,17,0.0010306835174560547
ATTR_MASK,21,0.00029468536376953125
SUBGRAPH,17,0.0026140213012695312
SUBGRAPH,24,0.00136566162109375
SUBGRAPH,23,0.0016317367553710938
SUBGRAPH,17,0.0012559890747070312
SUBGRAPH,21,0.0014495849609375
SUBGRAPH,21,0.0010843276977539062
SUBGRAPH,13,0.0008099079132080078
SUBGRAPH,11,0.000713348388671875
SUBGRAPH,19,0.0010685920715332031
SUBGRAPH,20,0.001035928726196289
EDGE_PERT,24,0.0016846656799316406
NODE_DROP,20,0.0012574195861816406
EDGE_PERT,20,0.0006213188171386719
NODE_DROP,16,0.0005393028259277344
EDGE_PERT,23,0.0005555152893066406
NODE_DROP,19,0.0005297660827636719
EDGE_PERT,29,0.0003020763397216797
NODE_DROP,24,0.0003058910369873047
EDGE_PERT,26,0.00026345252990722656
NODE_DROP,21,0.0003342628479003906
EDGE_PERT,26,0.00028204917907714844
NODE_DROP,21,0.00037026405334472656
EDGE_PERT,21,0.00028443336486816406
NODE_DROP,17,0.0002658367156982422
EDGE_PERT,16,0.00023889541625976562
NODE_DROP,13,0.0004742145538330078
EDGE_PERT,28,0.0002334117889404297
NODE_DROP,23,0.0004916191101074219
EDGE_PERT,13,0.00022339820861816406
NODE_DROP,11,0.00024056434631347656
EDGE_PERT,26,0.0015344619750976562
SUBGRAPH,21,0.0032799243927001953
EDGE_PERT,29,0.0005927085876464844
SUBGRAPH,24,0.0023136138916015625
EDGE_PERT,28,0.0005095005035400391
SUBGRAPH,23,0.0010733604431152344
EDGE_PERT,24,0.0002732276916503906
SUBGRAPH,20,0.0010223388671875
EDGE_PERT,13,0.00029349327087402344
SUBGRAPH,11,0.0006327629089355469
EDGE_PERT,20,0.00029349327087402344
SUBGRAPH,17,0.0007605552673339844
EDGE_PERT,26,0.0002903938293457031
SUBGRAPH,21,0.0008995532989501953
EDGE_PERT,16,0.00024175643920898438
SUBGRAPH,13,0.0008513927459716797
EDGE_PERT,21,0.0002276897430419922
SUBGRAPH,17,0.0008440017700195312
EDGE_PERT,23,0.0002484321594238281
SUBGRAPH,19,0.0008058547973632812
EDGE_PERT,20,0.0011436939239501953
EDGE_PERT,20,0.00040650367736816406
EDGE_PERT,21,0.00040340423583984375
EDGE_PERT,21,0.00034165382385253906
EDGE_PERT,26,0.0004527568817138672
EDGE_PERT,26,0.0003905296325683594
EDGE_PERT,13,0.0003674030303955078
EDGE_PERT,13,0.0003597736358642578
EDGE_PERT,16,0.00040411949157714844
EDGE_PERT,16,0.00031638145446777344
EDGE_PERT,29,0.0003120899200439453
EDGE_PERT,29,0.0003113746643066406
EDGE_PERT,23,0.00030422210693359375
EDGE_PERT,23,0.0004677772521972656
EDGE_PERT,26,0.0003185272216796875
EDGE_PERT,26,0.0003082752227783203
EDGE_PERT,24,0.0003361701965332031
EDGE_PERT,24,0.00030541419982910156
EDGE_PERT,28,0.00030922889709472656
EDGE_PERT,28,0.0005056858062744141
EDGE_PERT,16,0.0015645027160644531
ATTR_MASK,16,0.0007114410400390625
EDGE_PERT,13,0.0006213188171386719
ATTR_MASK,13,0.00033926963806152344
EDGE_PERT,29,0.0006315708160400391
ATTR_MASK,29,0.00033926963806152344
EDGE_PERT,24,0.000568389892578125
ATTR_MASK,24,0.0003256797790527344
EDGE_PERT,21,0.0005297660827636719
ATTR_MASK,21,0.00027298927307128906
EDGE_PERT,28,0.00040221214294433594
ATTR_MASK,28,0.0003037452697753906
EDGE_PERT,23,0.00039076805114746094
ATTR_MASK,23,0.0003027915954589844
EDGE_PERT,26,0.00038123130798339844
ATTR_MASK,26,0.0002586841583251953
EDGE_PERT,26,0.0004165172576904297
ATTR_MASK,26,0.00027680397033691406
EDGE_PERT,20,0.00040602684020996094
ATTR_MASK,20,0.0002453327178955078
EDGE_PERT,23,0.0013837814331054688
EDGE_PERT,29,0.0005660057067871094
EDGE_PERT,28,0.0006778240203857422
EDGE_PERT,20,0.0004966259002685547
EDGE_PERT,13,0.00047969818115234375
EDGE_PERT,16,0.0004811286926269531
EDGE_PERT,26,0.0004177093505859375
EDGE_PERT,24,0.00040411949157714844
EDGE_PERT,26,0.0003750324249267578
EDGE_PERT,21,0.0003800392150878906
ATTR_MASK,16,0.0013332366943359375
NODE_DROP,13,0.0011692047119140625
ATTR_MASK,28,0.0003483295440673828
NODE_DROP,23,0.0004913806915283203
ATTR_MASK,26,0.0003535747528076172
NODE_DROP,21,0.0005002021789550781
ATTR_MASK,20,0.0003304481506347656
NODE_DROP,16,0.000507354736328125
ATTR_MASK,23,0.0003082752227783203
NODE_DROP,19,0.0004525184631347656
ATTR_MASK,13,0.0002446174621582031
NODE_DROP,11,0.0002636909484863281
ATTR_MASK,26,0.00019741058349609375
NODE_DROP,21,0.0003638267517089844
ATTR_MASK,24,0.0002002716064453125
NODE_DROP,20,0.0002696514129638672
ATTR_MASK,21,0.00017905235290527344
NODE_DROP,17,0.0004024505615234375
ATTR_MASK,29,0.0001823902130126953
NODE_DROP,24,0.0003120899200439453
ATTR_MASK,26,0.0014045238494873047
SUBGRAPH,21,0.003554821014404297
ATTR_MASK,23,0.00034499168395996094
SUBGRAPH,19,0.002229928970336914
ATTR_MASK,20,0.0003330707550048828
SUBGRAPH,17,0.0008797645568847656
ATTR_MASK,24,0.0001964569091796875
SUBGRAPH,20,0.0009286403656005859
ATTR_MASK,16,0.00018453598022460938
SUBGRAPH,13,0.00080108642578125
ATTR_MASK,26,0.00019931793212890625
SUBGRAPH,21,0.0011467933654785156
ATTR_MASK,29,0.0001823902130126953
SUBGRAPH,24,0.0009644031524658203
ATTR_MASK,13,0.00016236305236816406
SUBGRAPH,11,0.0005774497985839844
ATTR_MASK,21,0.00015687942504882812
SUBGRAPH,17,0.0007185935974121094
ATTR_MASK,28,0.00016355514526367188
SUBGRAPH,23,0.0009052753448486328
ATTR_MASK,13,0.001054525375366211
EDGE_PERT,13,0.0009992122650146484
ATTR_MASK,26,0.0002777576446533203
EDGE_PERT,26,0.0004923343658447266
ATTR_MASK,28,0.0002467632293701172
EDGE_PERT,28,0.0004944801330566406
ATTR_MASK,29,0.00022721290588378906
EDGE_PERT,29,0.0005381107330322266
ATTR_MASK,16,0.00024080276489257812
EDGE_PERT,16,0.00045371055603027344
ATTR_MASK,26,0.00026917457580566406
EDGE_PERT,26,0.0004391670227050781
ATTR_MASK,24,0.0002548694610595703
EDGE_PERT,24,0.0004646778106689453
ATTR_MASK,21,0.0002422332763671875
EDGE_PERT,21,0.00047016143798828125
ATTR_MASK,20,0.00025963783264160156
EDGE_PERT,20,0.0004210472106933594
ATTR_MASK,23,0.0002460479736328125
EDGE_PERT,23,0.0004985332489013672
NODE_DROP,14,0.002054929733276367
NODE_DROP,14,0.0003905296325683594
ATTR_MASK,19,0.0009102821350097656
ATTR_MASK,19,0.00036025047302246094
ATTR_MASK,28,0.00032258033752441406
NODE_DROP,23,0.00046634674072265625
NODE_DROP,9,0.0004394054412841797
EDGE_PERT,12,0.0008831024169921875
ATTR_MASK,13,0.0002658367156982422
NODE_DROP,11,0.0003371238708496094
SUBGRAPH,11,0.001478433609008789
NODE_DROP,11,0.0004162788391113281
ATTR_MASK,20,0.00023651123046875
SUBGRAPH,14,0.0011518001556396484
SUBGRAPH,14,0.0012123584747314453
NODE_DROP,11,0.0017876625061035156
NODE_DROP,11,0.00035762786865234375
NODE_DROP,14,0.0003628730773925781
NODE_DROP,14,0.00033354759216308594
NODE_DROP,9,0.0003619194030761719
NODE_DROP,9,0.0004742145538330078
NODE_DROP,13,0.0005216598510742188
NODE_DROP,13,0.00048828125
NODE_DROP,16,0.00052642822265625
NODE_DROP,16,0.0004267692565917969
NODE_DROP,14,0.0004086494445800781
NODE_DROP,14,0.00042891502380371094
NODE_DROP,16,0.00040602684020996094
NODE_DROP,16,0.0004000663757324219
NODE_DROP,10,0.00037026405334472656
NODE_DROP,10,0.0003764629364013672
NODE_DROP,23,0.0004267692565917969
NODE_DROP,23,0.00042319297790527344
NODE_DROP,11,0.00038623809814453125
NODE_DROP,11,0.00035881996154785156
NODE_DROP,14,0.0013294219970703125
SUBGRAPH,14,0.0014598369598388672
NODE_DROP,16,0.0002357959747314453
SUBGRAPH,16,0.0009217262268066406
NODE_DROP,23,0.00027942657470703125
SUBGRAPH,23,0.0024268627166748047
NODE_DROP,16,0.000453948974609375
SUBGRAPH,17,0.001722097396850586
NODE_DROP,11,0.00028204917907714844
SUBGRAPH,11,0.0008780956268310547
NODE_DROP,10,0.0003070831298828125
SUBGRAPH,10,0.0007753372192382812
NODE_DROP,11,0.0002765655517578125
SUBGRAPH,11,0.0008056163787841797
NODE_DROP,14,0.00027108192443847656
SUBGRAPH,14,0.0010840892791748047
NODE_DROP,9,0.00028777122497558594
SUBGRAPH,9,0.0008456707000732422
NODE_DROP,13,0.00026607513427734375
SUBGRAPH,13,0.0010607242584228516
NODE_DROP,14,0.0010962486267089844
EDGE_PERT,17,0.0005581378936767578
NODE_DROP,13,0.0002532005310058594
EDGE_PERT,16,0.0002982616424560547
NODE_DROP,23,0.0002751350402832031
EDGE_PERT,28,0.00031757354736328125
NODE_DROP,9,0.00025177001953125
EDGE_PERT,11,0.0006504058837890625
NODE_DROP,11,0.0004856586456298828
EDGE_PERT,13,0.0006191730499267578
NODE_DROP,16,0.0005235671997070312
EDGE_PERT,19,0.0006301403045654297
NODE_DROP,14,0.00048828125
EDGE_PERT,17,0.0003635883331298828
NODE_DROP,11,0.0002434253692626953
EDGE_PERT,13,0.0002932548522949219
NODE_DROP,10,0.00023627281188964844
EDGE_PERT,12,0.00031638145446777344
NODE_DROP,16,0.0002574920654296875
EDGE_PERT,20,0.00029754638671875
NODE_DROP,23,0.001322031021118164
ATTR_MASK,28,0.0005807876586914062
NODE_DROP,14,0.0003006458282470703
ATTR_MASK,17,0.0003750324249267578
NODE_DROP,11,0.0004189014434814453
ATTR_MASK,13,0.00029730796813964844
NODE_DROP,14,0.0004057884216308594
ATTR_MASK,17,0.0002777576446533203
NODE_DROP,11,0.000415802001953125
ATTR_MASK,13,0.00027871131896972656
NODE_DROP,16,0.00042319297790527344
ATTR_MASK,20,0.0002231597900390625
NODE_DROP,9,0.0002968311309814453
ATTR_MASK,11,0.00020051002502441406
NODE_DROP,10,0.0002791881561279297
ATTR_MASK,12,0.00019216537475585938
NODE_DROP,13,0.00028777122497558594
ATTR_MASK,16,0.0002033710479736328
NODE_DROP,16,0.0002853870391845703
ATTR_MASK,19,0.0002033710479736328
NODE_DROP,14,0.0016069412231445312
NODE_DROP,11,0.0004131793975830078
NODE_DROP,23,0.00045418739318847656
NODE_DROP,10,0.00036978721618652344
NODE_DROP,16,0.0003647804260253906
NODE_DROP,13,0.00036454200744628906
NODE_DROP,9,0.00044465065002441406
NODE_DROP,16,0.0004596710205078125
NODE_DROP,14,0.00042724609375
NODE_DROP,11,0.0003960132598876953
SUBGRAPH,23,0.003366708755493164
NODE_DROP,23,0.0005347728729248047
SUBGRAPH,9,0.0010676383972167969
NODE_DROP,9,0.0004291534423828125
SUBGRAPH,10,0.0009577274322509766
NODE_DROP,10,0.00041294097900390625
SUBGRAPH,14,0.001146554946899414
NODE_DROP,14,0.0003731250762939453
SUBGRAPH,11,0.0010306835174560547
NODE_DROP,11,0.0004074573516845703
SUBGRAPH,11,0.0010232925415039062
NODE_DROP,11,0.0003783702850341797
SUBGRAPH,16,0.0012691020965576172
NODE_DROP,16,0.0003666877746582031
SUBGRAPH,14,0.0011730194091796875
NODE_DROP,14,0.0003597736358642578
SUBGRAPH,17,0.0013206005096435547
NODE_DROP,16,0.0003814697265625
SUBGRAPH,13,0.0011365413665771484
NODE_DROP,13,0.0003139972686767578
SUBGRAPH,10,0.002816915512084961
SUBGRAPH,10,0.0013899803161621094
SUBGRAPH,23,0.00179290771484375
SUBGRAPH,23,0.001573801040649414
SUBGRAPH,14,0.0011284351348876953
SUBGRAPH,14,0.0012559890747070312
SUBGRAPH,13,0.0011026859283447266
SUBGRAPH,13,0.0011630058288574219
SUBGRAPH,11,0.0009698867797851562
SUBGRAPH,11,0.0010476112365722656
SUBGRAPH,16,0.0012710094451904297
SUBGRAPH,16,0.0012955665588378906
SUBGRAPH,11,0.0010251998901367188
SUBGRAPH,11,0.001043081283569336
SUBGRAPH,9,0.0009174346923828125
SUBGRAPH,9,0.001008749008178711
SUBGRAPH,14,0.0011320114135742188
SUBGRAPH,14,0.0012028217315673828
SUBGRAPH,17,0.001256704330444336
SUBGRAPH,17,0.0012748241424560547
SUBGRAPH,17,0.002745389938354492
EDGE_PERT,20,0.0006911754608154297
SUBGRAPH,23,0.0015773773193359375
EDGE_PERT,28,0.0005054473876953125
SUBGRAPH,13,0.0012407302856445312
EDGE_PERT,16,0.00042939186096191406
SUBGRAPH,16,0.0014183521270751953
EDGE_PERT,19,0.0007097721099853516
SUBGRAPH,11,0.0012633800506591797
EDGE_PERT,13,0.00045943260192871094
SUBGRAPH,14,0.0013451576232910156
EDGE_PERT,17,0.000484466552734375
SUBGRAPH,11,0.0010662078857421875
EDGE_PERT,13,0.000499725341796875
SUBGRAPH,14,0.0012140274047851562
EDGE_PERT,17,0.0004696846008300781
SUBGRAPH,10,0.0010113716125488281
EDGE_PERT,12,0.0005209445953369141
SUBGRAPH,9,0.0009810924530029297
EDGE_PERT,11,0.00047206878662109375
SUBGRAPH,10,0.0030336380004882812
ATTR_MASK,12,0.0009479522705078125
SUBGRAPH,16,0.002030611038208008
ATTR_MASK,19,0.00026226043701171875
SUBGRAPH,9,0.0009963512420654297
ATTR_MASK,11,0.00027179718017578125
SUBGRAPH,11,0.0010852813720703125
ATTR_MASK,13,0.0002810955047607422
SUBGRAPH,23,0.001834869384765625
ATTR_MASK,28,0.00027179718017578125
SUBGRAPH,14,0.0013298988342285156
ATTR_MASK,17,0.0003273487091064453
SUBGRAPH,13,0.0012254714965820312
ATTR_MASK,16,0.0002932548522949219
SUBGRAPH,17,0.0013651847839355469
ATTR_MASK,20,0.000335693359375
SUBGRAPH,11,0.0011014938354492188
ATTR_MASK,13,0.0003364086151123047
SUBGRAPH,14,0.00136566162109375
ATTR_MASK,17,0.00031828880310058594
SUBGRAPH,14,0.0034058094024658203
SUBGRAPH,10,0.0014560222625732422
SUBGRAPH,11,0.0011718273162841797
SUBGRAPH,16,0.001453399658203125
SUBGRAPH,13,0.0012595653533935547
SUBGRAPH,14,0.0013382434844970703
SUBGRAPH,17,0.0015149116516113281
SUBGRAPH,9,0.0010437965393066406
SUBGRAPH,11,0.001153707504272461
SUBGRAPH,23,0.001955747604370117
EDGE_PERT,13,0.0013408660888671875
NODE_DROP,11,0.0011794567108154297
EDGE_PERT,17,0.0005843639373779297
NODE_DROP,14,0.0004127025604248047
EDGE_PERT,13,0.00043892860412597656
NODE_DROP,11,0.00041961669921875
EDGE_PERT,16,0.0003943443298339844
NODE_DROP,13,0.0003113746643066406
EDGE_PERT,19,0.00039887428283691406
NODE_DROP,16,0.0003287792205810547
EDGE_PERT,11,0.0003921985626220703
NODE_DROP,9,0.00032520294189453125
EDGE_PERT,12,0.0004024505615234375
NODE_DROP,10,0.0004258155822753906
EDGE_PERT,28,0.0004258155822753906
NODE_DROP,23,0.0004239082336425781
EDGE_PERT,20,0.0004353523254394531
NODE_DROP,16,0.0004444122314453125
EDGE_PERT,17,0.0004134178161621094
NODE_DROP,14,0.0004544258117675781
EDGE_PERT,13,0.0014743804931640625
SUBGRAPH,11,0.0030798912048339844
EDGE_PERT,16,0.0006625652313232422
SUBGRAPH,13,0.0014367103576660156
EDGE_PERT,13,0.00044608116149902344
SUBGRAPH,11,0.001186370849609375
EDGE_PERT,20,0.0004620552062988281
SUBGRAPH,17,0.0014774799346923828
EDGE_PERT,19,0.00042891502380371094
SUBGRAPH,16,0.0014560222625732422
EDGE_PERT,12,0.0004506111145019531
SUBGRAPH,10,0.0010821819305419922
EDGE_PERT,17,0.0004315376281738281
SUBGRAPH,14,0.0013241767883300781
EDGE_PERT,28,0.00047469139099121094
SUBGRAPH,23,0.0019545555114746094
EDGE_PERT,11,0.0004475116729736328
SUBGRAPH,9,0.00106048583984375
EDGE_PERT,17,0.0004286766052246094
SUBGRAPH,14,0.0013282299041748047
